MSOA21CD,MSOADECILE
E02000001,7
E02000002,2
E02000003,4
E02000004,4
E02000005,3
E02000007,2
E02000008,2
E02000009,2
E02000010,2
E02000011,4
E02000012,5
E02000013,2
E02000014,2
E02000015,2
E02000016,2
E02000017,3
E02000018,2
E02000019,2
E02000020,2
E02000021,3
E02000022,2
E02000023,2
E02000024,9
E02000025,6
E02000026,8
E02000027,4
E02000028,7
E02000029,6
E02000030,7
E02000031,9
E02000032,9
E02000033,6
E02000034,7
E02000035,7
E02000036,6
E02000037,8
E02000038,6
E02000039,8
E02000040,6
E02000041,5
E02000042,6
E02000043,10
E02000044,4
E02000045,5
E02000046,8
E02000047,3
E02000048,7
E02000049,2
E02000050,5
E02000051,8
E02000052,8
E02000054,6
E02000055,6
E02000056,9
E02000057,7
E02000058,8
E02000059,4
E02000060,6
E02000061,7
E02000062,2
E02000063,4
E02000064,4
E02000065,5
E02000066,3
E02000067,4
E02000068,3
E02000069,5
E02000070,7
E02000071,6
E02000072,3
E02000073,9
E02000074,3
E02000075,9
E02000077,8
E02000078,9
E02000079,7
E02000080,8
E02000081,6
E02000082,9
E02000083,5
E02000084,9
E02000085,8
E02000086,10
E02000087,9
E02000088,9
E02000089,9
E02000090,8
E02000091,8
E02000092,3
E02000093,5
E02000094,5
E02000095,5
E02000096,8
E02000097,5
E02000098,4
E02000099,5
E02000100,8
E02000101,3
E02000102,2
E02000103,3
E02000104,4
E02000105,5
E02000106,2
E02000107,4
E02000108,5
E02000110,5
E02000111,4
E02000112,4
E02000113,1
E02000114,4
E02000115,4
E02000116,2
E02000117,1
E02000118,4
E02000119,1
E02000120,4
E02000121,4
E02000122,6
E02000123,2
E02000124,5
E02000125,5
E02000126,2
E02000127,3
E02000128,8
E02000130,6
E02000131,4
E02000132,6
E02000133,10
E02000134,6
E02000135,2
E02000136,5
E02000137,9
E02000138,10
E02000139,7
E02000140,2
E02000141,6
E02000142,9
E02000144,9
E02000145,2
E02000146,9
E02000147,10
E02000148,10
E02000149,4
E02000150,8
E02000151,10
E02000152,4
E02000153,10
E02000154,8
E02000155,6
E02000156,10
E02000157,10
E02000158,6
E02000159,10
E02000160,9
E02000161,10
E02000162,7
E02000163,10
E02000165,9
E02000166,5
E02000167,10
E02000168,6
E02000169,10
E02000170,7
E02000171,7
E02000172,3
E02000173,9
E02000174,4
E02000175,6
E02000176,9
E02000177,3
E02000178,3
E02000179,6
E02000180,4
E02000181,8
E02000182,7
E02000183,5
E02000184,3
E02000185,3
E02000186,4
E02000187,2
E02000188,3
E02000191,7
E02000192,4
E02000193,6
E02000194,4
E02000195,6
E02000196,4
E02000197,5
E02000198,3
E02000199,4
E02000200,3
E02000201,2
E02000202,5
E02000203,3
E02000204,4
E02000206,2
E02000207,3
E02000208,2
E02000209,4
E02000210,5
E02000211,8
E02000212,3
E02000213,2
E02000214,8
E02000215,4
E02000216,7
E02000217,3
E02000218,4
E02000219,9
E02000221,3
E02000222,7
E02000223,2
E02000224,6
E02000225,2
E02000226,9
E02000227,6
E02000228,10
E02000229,2
E02000230,7
E02000231,9
E02000232,8
E02000233,7
E02000234,6
E02000235,8
E02000236,9
E02000237,8
E02000238,5
E02000239,7
E02000240,3
E02000241,5
E02000242,7
E02000243,4
E02000244,6
E02000245,2
E02000246,3
E02000247,3
E02000248,5
E02000249,4
E02000250,9
E02000251,6
E02000252,3
E02000253,2
E02000254,4
E02000255,5
E02000256,7
E02000258,5
E02000259,7
E02000260,3
E02000261,4
E02000262,3
E02000263,3
E02000264,6
E02000265,3
E02000266,2
E02000267,5
E02000268,5
E02000269,8
E02000270,2
E02000271,9
E02000272,9
E02000275,3
E02000276,7
E02000277,4
E02000278,2
E02000279,2
E02000280,5
E02000281,3
E02000282,2
E02000283,3
E02000284,6
E02000285,8
E02000286,6
E02000287,7
E02000288,2
E02000289,9
E02000290,2
E02000291,4
E02000292,5
E02000293,8
E02000294,3
E02000295,7
E02000296,5
E02000297,8
E02000298,9
E02000299,2
E02000300,3
E02000301,2
E02000302,5
E02000303,2
E02000304,9
E02000305,6
E02000306,1
E02000307,4
E02000308,5
E02000309,2
E02000311,3
E02000312,5
E02000313,3
E02000314,4
E02000315,2
E02000317,2
E02000318,3
E02000319,4
E02000320,4
E02000321,2
E02000323,2
E02000324,3
E02000326,5
E02000327,3
E02000328,6
E02000329,5
E02000331,3
E02000332,6
E02000333,7
E02000334,4
E02000335,8
E02000337,3
E02000339,6
E02000340,7
E02000341,2
E02000342,5
E02000343,4
E02000344,7
E02000345,3
E02000346,1
E02000347,3
E02000348,2
E02000350,4
E02000351,3
E02000352,4
E02000353,4
E02000354,2
E02000355,3
E02000356,4
E02000357,1
E02000358,2
E02000359,3
E02000360,2
E02000361,2
E02000362,1
E02000363,1
E02000364,3
E02000366,2
E02000367,3
E02000368,2
E02000369,2
E02000370,2
E02000372,2
E02000373,2
E02000374,3
E02000375,3
E02000376,3
E02000377,3
E02000378,4
E02000379,5
E02000380,6
E02000381,5
E02000382,5
E02000383,6
E02000384,2
E02000385,6
E02000386,3
E02000387,4
E02000388,5
E02000389,8
E02000390,5
E02000391,6
E02000392,6
E02000393,9
E02000394,5
E02000395,8
E02000396,6
E02000397,4
E02000398,1
E02000400,5
E02000401,1
E02000402,1
E02000403,4
E02000404,3
E02000405,8
E02000406,2
E02000407,2
E02000408,2
E02000409,2
E02000410,8
E02000411,2
E02000412,2
E02000413,7
E02000414,3
E02000415,3
E02000416,3
E02000417,7
E02000418,8
E02000419,4
E02000420,2
E02000421,1
E02000422,3
E02000423,4
E02000424,5
E02000425,3
E02000426,6
E02000427,4
E02000428,3
E02000429,7
E02000430,7
E02000431,7
E02000432,4
E02000433,8
E02000434,7
E02000435,5
E02000436,9
E02000437,6
E02000438,6
E02000439,5
E02000440,9
E02000441,6
E02000442,7
E02000443,4
E02000444,8
E02000445,5
E02000447,8
E02000448,10
E02000449,5
E02000451,10
E02000452,6
E02000453,8
E02000454,10
E02000455,6
E02000456,7
E02000457,8
E02000459,5
E02000460,4
E02000461,9
E02000462,6
E02000463,5
E02000464,3
E02000465,3
E02000466,4
E02000467,2
E02000468,5
E02000469,3
E02000470,8
E02000471,9
E02000472,7
E02000473,8
E02000474,5
E02000475,8
E02000476,4
E02000477,10
E02000478,9
E02000479,6
E02000480,5
E02000481,9
E02000482,10
E02000483,7
E02000484,8
E02000485,9
E02000486,9
E02000487,10
E02000488,10
E02000489,6
E02000490,6
E02000491,3
E02000492,7
E02000493,4
E02000494,9
E02000495,8
E02000496,5
E02000497,7
E02000498,8
E02000499,10
E02000500,10
E02000501,9
E02000502,9
E02000503,9
E02000504,10
E02000506,9
E02000507,8
E02000508,7
E02000509,6
E02000510,6
E02000511,6
E02000512,4
E02000513,3
E02000514,5
E02000515,4
E02000516,4
E02000517,3
E02000518,3
E02000519,3
E02000520,3
E02000521,3
E02000522,4
E02000523,5
E02000524,4
E02000525,4
E02000526,8
E02000529,4
E02000530,2
E02000531,4
E02000532,7
E02000533,6
E02000534,7
E02000535,5
E02000536,5
E02000537,6
E02000538,4
E02000539,5
E02000540,5
E02000541,4
E02000542,4
E02000543,5
E02000544,7
E02000545,4
E02000546,5
E02000547,5
E02000548,3
E02000549,4
E02000550,3
E02000551,3
E02000552,6
E02000553,5
E02000554,2
E02000555,3
E02000556,3
E02000557,2
E02000558,1
E02000559,5
E02000560,3
E02000561,6
E02000562,4
E02000563,2
E02000564,3
E02000565,3
E02000566,5
E02000567,3
E02000568,3
E02000569,3
E02000570,6
E02000571,3
E02000572,2
E02000573,4
E02000574,4
E02000575,5
E02000576,4
E02000577,1
E02000578,1
E02000579,3
E02000580,2
E02000581,1
E02000582,6
E02000583,6
E02000584,8
E02000585,6
E02000586,9
E02000587,8
E02000588,8
E02000589,6
E02000590,5
E02000591,3
E02000592,8
E02000593,5
E02000594,8
E02000595,7
E02000596,8
E02000597,2
E02000598,10
E02000599,10
E02000600,9
E02000601,9
E02000602,5
E02000603,6
E02000604,8
E02000605,8
E02000606,9
E02000607,9
E02000608,8
E02000609,7
E02000610,7
E02000611,10
E02000612,9
E02000613,8
E02000614,7
E02000615,9
E02000616,9
E02000617,6
E02000619,3
E02000620,4
E02000621,4
E02000622,4
E02000623,3
E02000624,3
E02000625,3
E02000626,2
E02000627,3
E02000628,2
E02000629,4
E02000630,5
E02000631,5
E02000632,4
E02000633,2
E02000634,3
E02000635,3
E02000636,6
E02000637,4
E02000638,4
E02000639,3
E02000640,6
E02000641,2
E02000642,4
E02000643,4
E02000644,5
E02000645,4
E02000646,5
E02000647,5
E02000648,2
E02000649,4
E02000650,3
E02000651,5
E02000652,5
E02000653,3
E02000654,2
E02000655,2
E02000657,4
E02000658,4
E02000659,4
E02000660,4
E02000661,6
E02000662,4
E02000663,5
E02000665,5
E02000666,5
E02000667,6
E02000668,6
E02000669,4
E02000670,2
E02000671,5
E02000672,2
E02000673,6
E02000674,5
E02000675,5
E02000676,5
E02000677,4
E02000678,3
E02000679,4
E02000680,4
E02000681,2
E02000682,3
E02000683,2
E02000685,3
E02000686,2
E02000687,4
E02000689,9
E02000690,10
E02000691,9
E02000692,10
E02000693,7
E02000694,8
E02000695,7
E02000696,6
E02000697,10
E02000698,10
E02000699,10
E02000700,4
E02000701,5
E02000702,4
E02000703,10
E02000704,7
E02000705,6
E02000706,3
E02000707,3
E02000708,9
E02000709,10
E02000710,4
E02000711,4
E02000712,4
E02000713,9
E02000714,3
E02000715,3
E02000716,3
E02000717,3
E02000718,2
E02000719,3
E02000720,4
E02000721,2
E02000722,3
E02000723,4
E02000724,3
E02000725,3
E02000727,3
E02000728,4
E02000729,4
E02000730,3
E02000731,3
E02000732,2
E02000733,3
E02000734,3
E02000735,3
E02000736,2
E02000737,3
E02000738,4
E02000739,3
E02000740,2
E02000741,3
E02000742,3
E02000743,2
E02000744,2
E02000745,3
E02000746,2
E02000747,2
E02000748,4
E02000749,2
E02000751,10
E02000752,3
E02000753,4
E02000754,7
E02000755,6
E02000756,6
E02000757,9
E02000758,6
E02000759,6
E02000760,5
E02000762,9
E02000763,6
E02000764,8
E02000765,7
E02000767,6
E02000768,9
E02000770,6
E02000772,6
E02000773,6
E02000774,4
E02000776,6
E02000777,6
E02000779,3
E02000781,6
E02000782,3
E02000783,3
E02000784,9
E02000785,10
E02000786,9
E02000787,7
E02000788,10
E02000789,9
E02000790,10
E02000791,10
E02000792,10
E02000793,8
E02000794,10
E02000795,9
E02000796,6
E02000797,10
E02000798,9
E02000799,10
E02000800,6
E02000801,10
E02000802,10
E02000803,6
E02000804,10
E02000805,9
E02000806,9
E02000807,7
E02000808,5
E02000810,4
E02000812,3
E02000813,3
E02000814,5
E02000815,3
E02000816,3
E02000817,2
E02000818,2
E02000819,3
E02000820,3
E02000821,2
E02000822,2
E02000823,3
E02000824,2
E02000825,2
E02000826,3
E02000827,3
E02000828,2
E02000829,2
E02000830,5
E02000831,4
E02000832,3
E02000833,5
E02000834,6
E02000835,5
E02000836,7
E02000837,9
E02000838,6
E02000839,5
E02000840,2
E02000841,3
E02000842,9
E02000843,6
E02000844,5
E02000845,9
E02000846,8
E02000847,10
E02000848,10
E02000849,7
E02000850,8
E02000851,5
E02000852,9
E02000853,7
E02000854,9
E02000855,10
E02000856,8
E02000857,9
E02000858,2
E02000859,8
E02000860,5
E02000861,10
E02000863,8
E02000864,2
E02000865,2
E02000866,4
E02000867,4
E02000868,3
E02000869,2
E02000870,3
E02000871,2
E02000872,3
E02000873,3
E02000874,2
E02000875,3
E02000876,2
E02000877,3
E02000878,3
E02000879,3
E02000880,3
E02000881,2
E02000882,2
E02000883,2
E02000884,4
E02000885,2
E02000886,4
E02000887,2
E02000888,4
E02000889,5
E02000890,9
E02000893,5
E02000894,7
E02000895,4
E02000896,7
E02000897,3
E02000898,4
E02000899,5
E02000900,3
E02000901,6
E02000902,4
E02000903,2
E02000904,5
E02000905,4
E02000906,4
E02000907,2
E02000908,4
E02000909,5
E02000910,4
E02000911,3
E02000912,3
E02000913,4
E02000914,2
E02000915,4
E02000916,3
E02000917,5
E02000918,3
E02000919,5
E02000920,3
E02000921,3
E02000922,4
E02000923,8
E02000925,3
E02000926,6
E02000927,4
E02000928,9
E02000929,2
E02000930,7
E02000931,10
E02000932,8
E02000933,8
E02000934,8
E02000935,3
E02000936,8
E02000937,9
E02000938,4
E02000939,10
E02000940,5
E02000941,8
E02000942,9
E02000943,8
E02000944,4
E02000945,3
E02000946,5
E02000947,9
E02000948,7
E02000949,8
E02000950,7
E02000951,6
E02000952,5
E02000953,8
E02000954,6
E02000955,4
E02000956,4
E02000957,5
E02000958,6
E02000959,5
E02000960,9
E02000961,6
E02000962,6
E02000963,2
E02000964,3
E02000965,6
E02000966,8
E02000967,9
E02000968,1
E02000969,2
E02000970,9
E02000971,6
E02000972,5
E02000973,6
E02000974,5
E02000975,8
E02000976,6
E02000977,5
E02000978,9
E02000979,5
E02000980,4
E02000981,7
E02000982,4
E02000983,5
E02000984,10
E02000985,9
E02000986,8
E02000987,3
E02000988,2
E02000989,8
E02000990,6
E02000991,4
E02000992,7
E02000993,1
E02000994,1
E02000995,3
E02000996,1
E02000997,4
E02000998,1
E02000999,1
E02001000,2
E02001001,4
E02001002,2
E02001003,9
E02001004,1
E02001005,1
E02001006,2
E02001007,5
E02001008,1
E02001009,2
E02001010,1
E02001011,9
E02001012,3
E02001013,7
E02001014,3
E02001015,1
E02001016,1
E02001017,5
E02001018,7
E02001019,7
E02001020,10
E02001021,9
E02001022,4
E02001023,5
E02001024,8
E02001025,1
E02001026,1
E02001027,3
E02001028,10
E02001029,2
E02001030,7
E02001031,4
E02001032,5
E02001033,3
E02001034,1
E02001035,8
E02001036,4
E02001037,9
E02001038,3
E02001039,2
E02001040,4
E02001041,4
E02001042,5
E02001043,4
E02001044,7
E02001045,1
E02001046,1
E02001047,1
E02001048,2
E02001049,2
E02001050,1
E02001051,1
E02001052,1
E02001053,1
E02001055,1
E02001056,1
E02001059,1
E02001061,1
E02001062,1
E02001063,3
E02001064,1
E02001065,1
E02001066,2
E02001067,1
E02001068,1
E02001069,2
E02001070,2
E02001072,3
E02001073,5
E02001074,2
E02001075,1
E02001076,4
E02001077,4
E02001078,3
E02001079,2
E02001080,4
E02001081,5
E02001082,4
E02001083,4
E02001084,4
E02001085,1
E02001086,2
E02001087,7
E02001088,1
E02001089,5
E02001090,3
E02001091,3
E02001092,1
E02001093,1
E02001094,1
E02001095,1
E02001096,1
E02001097,1
E02001098,5
E02001099,3
E02001100,4
E02001101,6
E02001102,5
E02001103,8
E02001104,4
E02001105,4
E02001106,3
E02001107,3
E02001108,1
E02001109,1
E02001110,9
E02001111,1
E02001112,9
E02001113,1
E02001114,3
E02001115,4
E02001116,2
E02001117,9
E02001118,8
E02001119,1
E02001121,1
E02001123,1
E02001124,1
E02001125,4
E02001126,1
E02001127,1
E02001128,2
E02001129,1
E02001130,4
E02001131,5
E02001132,4
E02001133,6
E02001134,6
E02001135,1
E02001136,4
E02001137,7
E02001138,7
E02001139,1
E02001140,2
E02001141,1
E02001142,7
E02001143,1
E02001144,3
E02001145,5
E02001146,1
E02001147,1
E02001148,2
E02001149,1
E02001150,2
E02001151,5
E02001152,2
E02001153,1
E02001154,3
E02001155,2
E02001156,5
E02001157,1
E02001158,1
E02001159,2
E02001160,1
E02001161,3
E02001162,3
E02001163,4
E02001164,2
E02001165,3
E02001166,3
E02001167,2
E02001168,2
E02001169,9
E02001170,9
E02001171,7
E02001173,1
E02001174,5
E02001175,2
E02001176,3
E02001177,2
E02001179,1
E02001180,1
E02001181,1
E02001182,1
E02001183,2
E02001185,4
E02001186,3
E02001187,4
E02001188,2
E02001189,5
E02001190,1
E02001191,4
E02001192,7
E02001193,2
E02001194,8
E02001195,4
E02001196,6
E02001197,6
E02001198,3
E02001199,8
E02001200,1
E02001201,5
E02001202,2
E02001203,10
E02001204,4
E02001205,3
E02001206,6
E02001207,7
E02001208,4
E02001209,4
E02001210,2
E02001211,8
E02001212,1
E02001213,6
E02001214,5
E02001215,7
E02001216,9
E02001217,4
E02001218,9
E02001219,10
E02001220,7
E02001221,10
E02001222,8
E02001223,10
E02001224,9
E02001225,10
E02001226,7
E02001227,10
E02001228,10
E02001229,5
E02001230,5
E02001231,4
E02001232,1
E02001233,2
E02001234,1
E02001235,3
E02001236,1
E02001237,3
E02001238,3
E02001239,2
E02001240,3
E02001241,1
E02001242,6
E02001243,5
E02001244,6
E02001245,2
E02001246,2
E02001247,2
E02001248,2
E02001249,3
E02001250,6
E02001251,5
E02001252,6
E02001253,4
E02001254,3
E02001255,1
E02001256,1
E02001257,2
E02001258,5
E02001259,2
E02001260,8
E02001261,4
E02001262,4
E02001263,9
E02001264,6
E02001265,6
E02001266,4
E02001267,5
E02001268,8
E02001269,4
E02001270,9
E02001271,6
E02001272,9
E02001273,9
E02001274,10
E02001275,1
E02001276,5
E02001277,3
E02001278,10
E02001279,10
E02001280,4
E02001281,10
E02001282,9
E02001283,9
E02001284,10
E02001285,10
E02001286,10
E02001287,9
E02001288,7
E02001289,8
E02001290,6
E02001291,3
E02001292,7
E02001293,5
E02001294,4
E02001295,1
E02001296,1
E02001297,3
E02001298,1
E02001299,4
E02001300,3
E02001301,2
E02001302,2
E02001303,1
E02001304,8
E02001305,6
E02001306,6
E02001307,10
E02001308,4
E02001309,5
E02001310,2
E02001311,4
E02001312,3
E02001313,2
E02001314,8
E02001315,7
E02001316,1
E02001317,3
E02001318,4
E02001319,1
E02001320,4
E02001321,6
E02001322,6
E02001323,4
E02001324,4
E02001325,8
E02001326,7
E02001327,1
E02001328,3
E02001329,1
E02001330,1
E02001331,1
E02001332,1
E02001333,1
E02001334,1
E02001335,4
E02001336,1
E02001337,2
E02001338,1
E02001339,1
E02001340,5
E02001341,1
E02001342,6
E02001343,6
E02001344,2
E02001345,6
E02001346,1
E02001347,1
E02001348,2
E02001349,2
E02001350,1
E02001351,1
E02001352,1
E02001353,5
E02001354,1
E02001355,1
E02001356,1
E02001357,1
E02001358,1
E02001359,3
E02001360,1
E02001361,1
E02001362,2
E02001363,1
E02001364,1
E02001365,1
E02001366,1
E02001367,5
E02001368,1
E02001369,1
E02001370,1
E02001371,1
E02001372,1
E02001373,1
E02001374,1
E02001375,1
E02001376,1
E02001377,2
E02001378,2
E02001380,5
E02001381,1
E02001382,7
E02001383,1
E02001384,2
E02001385,1
E02001386,1
E02001387,8
E02001388,4
E02001389,1
E02001390,1
E02001391,1
E02001392,7
E02001393,10
E02001394,3
E02001395,7
E02001396,1
E02001397,3
E02001398,3
E02001399,7
E02001400,2
E02001401,5
E02001402,6
E02001403,1
E02001404,1
E02001405,1
E02001406,7
E02001407,7
E02001408,6
E02001409,2
E02001410,3
E02001411,4
E02001412,4
E02001413,3
E02001414,9
E02001415,3
E02001416,1
E02001417,1
E02001418,1
E02001419,1
E02001420,3
E02001421,3
E02001422,1
E02001423,6
E02001425,2
E02001426,4
E02001427,2
E02001428,8
E02001429,6
E02001430,8
E02001431,4
E02001432,1
E02001433,4
E02001434,5
E02001435,3
E02001436,5
E02001437,7
E02001438,7
E02001439,4
E02001440,9
E02001441,10
E02001442,8
E02001443,10
E02001444,7
E02001445,8
E02001446,7
E02001447,6
E02001448,8
E02001449,5
E02001450,9
E02001451,1
E02001452,1
E02001453,8
E02001454,5
E02001455,5
E02001456,5
E02001457,1
E02001458,4
E02001459,2
E02001460,1
E02001461,4
E02001462,1
E02001463,1
E02001464,1
E02001465,1
E02001466,1
E02001467,2
E02001468,2
E02001469,6
E02001470,6
E02001471,1
E02001472,3
E02001473,3
E02001474,1
E02001475,1
E02001476,1
E02001477,1
E02001478,2
E02001479,8
E02001480,7
E02001481,3
E02001482,1
E02001483,7
E02001484,5
E02001485,1
E02001486,3
E02001487,1
E02001488,2
E02001489,9
E02001490,6
E02001491,1
E02001492,6
E02001493,1
E02001494,10
E02001495,2
E02001496,7
E02001497,1
E02001498,6
E02001499,8
E02001500,7
E02001501,7
E02001502,5
E02001503,7
E02001504,9
E02001505,4
E02001506,10
E02001507,10
E02001508,4
E02001509,4
E02001510,2
E02001511,4
E02001512,5
E02001513,6
E02001514,2
E02001515,1
E02001516,2
E02001517,4
E02001518,4
E02001519,1
E02001520,7
E02001521,2
E02001522,1
E02001523,4
E02001524,10
E02001525,1
E02001526,1
E02001527,5
E02001528,2
E02001529,1
E02001530,1
E02001531,2
E02001532,8
E02001533,2
E02001534,3
E02001535,7
E02001536,5
E02001537,4
E02001538,3
E02001539,2
E02001540,3
E02001541,3
E02001542,1
E02001543,2
E02001544,3
E02001545,8
E02001546,4
E02001547,2
E02001548,1
E02001549,6
E02001550,4
E02001551,3
E02001552,4
E02001553,2
E02001554,7
E02001555,6
E02001556,2
E02001557,3
E02001558,5
E02001559,8
E02001560,1
E02001561,1
E02001562,3
E02001563,7
E02001564,9
E02001565,9
E02001566,2
E02001567,2
E02001568,1
E02001569,1
E02001570,1
E02001571,5
E02001572,2
E02001573,3
E02001574,6
E02001575,1
E02001576,7
E02001577,7
E02001578,4
E02001579,3
E02001580,3
E02001581,3
E02001582,3
E02001583,3
E02001584,7
E02001585,1
E02001586,1
E02001587,1
E02001588,2
E02001589,7
E02001590,1
E02001591,1
E02001592,4
E02001593,1
E02001594,1
E02001595,6
E02001596,5
E02001597,1
E02001598,4
E02001600,5
E02001602,5
E02001603,2
E02001604,5
E02001605,5
E02001606,3
E02001607,3
E02001608,7
E02001609,6
E02001610,7
E02001611,4
E02001612,7
E02001613,4
E02001614,7
E02001615,8
E02001616,3
E02001617,1
E02001618,8
E02001619,1
E02001620,1
E02001621,1
E02001622,1
E02001623,1
E02001624,3
E02001625,1
E02001626,7
E02001627,4
E02001628,1
E02001629,1
E02001630,1
E02001631,6
E02001632,1
E02001633,9
E02001634,7
E02001635,4
E02001636,2
E02001637,1
E02001638,10
E02001639,9
E02001640,7
E02001642,4
E02001643,9
E02001646,9
E02001647,3
E02001648,10
E02001649,1
E02001650,3
E02001651,10
E02001652,4
E02001653,1
E02001654,4
E02001655,2
E02001656,10
E02001657,10
E02001658,1
E02001659,1
E02001660,6
E02001661,1
E02001662,4
E02001663,6
E02001664,4
E02001665,10
E02001666,3
E02001669,7
E02001670,1
E02001671,6
E02001672,5
E02001673,8
E02001674,7
E02001675,2
E02001676,10
E02001678,10
E02001679,2
E02001680,1
E02001681,8
E02001682,6
E02001683,7
E02001684,1
E02001685,2
E02001686,6
E02001688,2
E02001689,1
E02001690,4
E02001691,2
E02001692,1
E02001693,1
E02001694,5
E02001695,6
E02001696,2
E02001697,7
E02001698,9
E02001699,2
E02001700,5
E02001701,9
E02001702,1
E02001703,6
E02001704,2
E02001706,3
E02001707,3
E02001709,10
E02001710,2
E02001711,2
E02001712,9
E02001713,8
E02001714,10
E02001715,2
E02001718,1
E02001719,7
E02001720,9
E02001721,3
E02001722,2
E02001723,2
E02001724,9
E02001725,3
E02001726,3
E02001727,2
E02001728,3
E02001729,3
E02001732,1
E02001734,1
E02001735,1
E02001737,1
E02001738,10
E02001739,4
E02001740,10
E02001741,8
E02001742,10
E02001743,5
E02001744,6
E02001745,5
E02001746,6
E02001747,9
E02001748,4
E02001749,7
E02001750,9
E02001751,5
E02001752,2
E02001753,6
E02001754,9
E02001755,7
E02001756,3
E02001757,4
E02001758,5
E02001759,4
E02001760,1
E02001761,5
E02001762,6
E02001763,2
E02001764,1
E02001765,2
E02001766,2
E02001767,2
E02001768,2
E02001769,1
E02001770,5
E02001771,3
E02001772,3
E02001773,8
E02001774,1
E02001775,2
E02001776,2
E02001777,4
E02001778,2
E02001779,1
E02001780,3
E02001781,1
E02001782,2
E02001783,1
E02001784,2
E02001785,5
E02001786,2
E02001787,3
E02001788,3
E02001789,10
E02001790,7
E02001791,10
E02001792,8
E02001793,1
E02001794,1
E02001795,1
E02001796,5
E02001797,6
E02001798,2
E02001799,1
E02001800,4
E02001801,2
E02001802,1
E02001803,2
E02001804,2
E02001805,4
E02001806,1
E02001807,3
E02001808,5
E02001809,4
E02001810,4
E02001811,2
E02001812,8
E02001813,1
E02001814,3
E02001815,6
E02001816,2
E02001817,3
E02001818,3
E02001819,8
E02001820,3
E02001821,6
E02001822,4
E02001823,3
E02001824,3
E02001825,3
E02001826,1
E02001827,7
E02001828,8
E02001829,10
E02001830,9
E02001831,4
E02001832,8
E02001833,6
E02001834,2
E02001835,6
E02001836,7
E02001837,1
E02001838,9
E02001839,3
E02001840,1
E02001841,9
E02001842,4
E02001843,4
E02001844,4
E02001845,4
E02001846,1
E02001847,5
E02001848,1
E02001849,1
E02001850,3
E02001851,2
E02001852,2
E02001855,1
E02001856,1
E02001857,1
E02001858,2
E02001859,1
E02001860,1
E02001861,1
E02001862,1
E02001863,1
E02001865,1
E02001866,1
E02001867,1
E02001868,3
E02001869,1
E02001870,1
E02001871,1
E02001872,1
E02001873,1
E02001874,1
E02001875,1
E02001876,2
E02001877,1
E02001878,1
E02001879,1
E02001880,1
E02001881,1
E02001882,1
E02001883,1
E02001884,1
E02001886,3
E02001888,1
E02001889,1
E02001890,4
E02001892,1
E02001893,2
E02001895,1
E02001896,1
E02001897,1
E02001898,5
E02001899,6
E02001900,2
E02001901,6
E02001902,3
E02001903,1
E02001904,1
E02001905,7
E02001906,3
E02001907,3
E02001908,1
E02001909,1
E02001910,1
E02001911,1
E02001913,3
E02001914,2
E02001915,2
E02001916,1
E02001918,2
E02001919,3
E02001920,1
E02001921,2
E02001922,6
E02001923,2
E02001924,2
E02001925,4
E02001926,3
E02001927,1
E02001928,2
E02001929,1
E02001930,4
E02001931,4
E02001932,1
E02001933,2
E02001934,5
E02001935,3
E02001936,5
E02001937,1
E02001938,4
E02001939,2
E02001941,1
E02001942,3
E02001943,2
E02001944,3
E02001945,1
E02001946,4
E02001947,1
E02001948,3
E02001949,1
E02001950,4
E02001951,1
E02001952,1
E02001953,4
E02001954,1
E02001955,2
E02001956,3
E02001957,4
E02001958,3
E02001959,5
E02001961,1
E02001962,2
E02001963,5
E02001964,1
E02001965,6
E02001966,2
E02001967,7
E02001968,3
E02001969,2
E02001970,4
E02001971,6
E02001972,1
E02001973,2
E02001974,7
E02001975,6
E02001976,3
E02001977,2
E02001978,5
E02001979,9
E02001980,10
E02001981,2
E02001982,8
E02001983,6
E02001984,5
E02001985,4
E02001986,2
E02001987,5
E02001988,3
E02001989,6
E02001990,9
E02001991,8
E02001992,2
E02001993,3
E02001994,6
E02001995,4
E02001996,1
E02001997,9
E02001998,10
E02001999,8
E02002000,3
E02002001,4
E02002002,9
E02002003,4
E02002004,2
E02002005,1
E02002006,3
E02002007,5
E02002008,9
E02002009,1
E02002010,1
E02002011,8
E02002012,1
E02002013,9
E02002014,2
E02002015,5
E02002016,1
E02002017,2
E02002018,9
E02002019,2
E02002020,7
E02002021,1
E02002022,2
E02002023,6
E02002024,4
E02002025,4
E02002026,7
E02002027,10
E02002028,7
E02002029,8
E02002030,3
E02002031,4
E02002032,3
E02002033,7
E02002034,4
E02002035,8
E02002036,2
E02002037,6
E02002038,4
E02002039,7
E02002040,10
E02002041,7
E02002042,9
E02002043,2
E02002044,3
E02002045,3
E02002046,1
E02002047,2
E02002048,6
E02002049,2
E02002051,1
E02002052,2
E02002053,5
E02002054,4
E02002055,2
E02002056,1
E02002057,2
E02002058,3
E02002059,2
E02002060,1
E02002061,1
E02002062,1
E02002063,3
E02002064,3
E02002065,2
E02002066,2
E02002067,3
E02002069,2
E02002070,1
E02002071,2
E02002072,3
E02002073,2
E02002074,2
E02002075,2
E02002076,4
E02002077,2
E02002078,6
E02002079,3
E02002080,2
E02002081,6
E02002082,1
E02002083,8
E02002084,1
E02002085,2
E02002086,1
E02002087,1
E02002088,1
E02002089,5
E02002090,6
E02002091,7
E02002092,4
E02002093,6
E02002094,10
E02002095,8
E02002096,9
E02002097,7
E02002098,8
E02002099,10
E02002101,6
E02002102,8
E02002103,9
E02002104,10
E02002105,10
E02002106,10
E02002107,10
E02002108,10
E02002109,10
E02002110,5
E02002111,2
E02002112,5
E02002113,4
E02002114,5
E02002115,2
E02002116,7
E02002117,3
E02002118,1
E02002119,4
E02002120,5
E02002121,1
E02002122,1
E02002123,3
E02002124,5
E02002125,3
E02002126,1
E02002127,1
E02002128,3
E02002129,4
E02002130,1
E02002131,9
E02002132,2
E02002133,2
E02002134,1
E02002135,1
E02002136,2
E02002137,10
E02002138,5
E02002139,1
E02002140,1
E02002141,10
E02002142,1
E02002143,1
E02002144,9
E02002145,1
E02002146,3
E02002147,2
E02002148,7
E02002149,3
E02002150,4
E02002151,2
E02002152,1
E02002153,3
E02002154,2
E02002155,1
E02002156,4
E02002157,7
E02002158,3
E02002159,1
E02002160,4
E02002161,2
E02002162,7
E02002163,2
E02002164,2
E02002165,2
E02002166,1
E02002167,6
E02002168,1
E02002169,7
E02002170,2
E02002171,2
E02002174,6
E02002175,1
E02002176,4
E02002177,2
E02002178,5
E02002179,7
E02002180,4
E02002181,2
E02002182,3
E02002183,10
E02002184,9
E02002185,10
E02002187,10
E02002188,8
E02002189,2
E02002190,1
E02002191,1
E02002192,10
E02002193,1
E02002194,3
E02002195,9
E02002196,5
E02002197,4
E02002198,5
E02002199,6
E02002200,5
E02002201,4
E02002202,2
E02002203,2
E02002204,7
E02002205,5
E02002206,3
E02002207,2
E02002208,2
E02002209,1
E02002210,3
E02002211,2
E02002212,2
E02002213,5
E02002214,3
E02002215,1
E02002216,1
E02002217,1
E02002218,2
E02002219,1
E02002220,1
E02002222,1
E02002223,1
E02002224,1
E02002225,3
E02002226,2
E02002227,1
E02002228,1
E02002229,3
E02002230,1
E02002231,2
E02002232,1
E02002233,1
E02002234,1
E02002235,1
E02002236,3
E02002237,2
E02002238,1
E02002239,2
E02002240,5
E02002241,2
E02002242,4
E02002243,2
E02002244,5
E02002245,1
E02002246,8
E02002247,6
E02002248,1
E02002249,1
E02002250,5
E02002251,2
E02002252,4
E02002253,2
E02002254,8
E02002255,1
E02002256,3
E02002257,1
E02002258,5
E02002259,5
E02002260,4
E02002261,4
E02002262,4
E02002263,3
E02002264,8
E02002265,4
E02002266,6
E02002267,4
E02002268,3
E02002269,6
E02002270,8
E02002271,7
E02002272,3
E02002273,5
E02002274,7
E02002275,4
E02002276,3
E02002277,3
E02002278,4
E02002279,2
E02002280,1
E02002281,3
E02002282,2
E02002283,2
E02002284,4
E02002285,7
E02002286,2
E02002287,2
E02002288,2
E02002289,1
E02002290,8
E02002291,6
E02002292,6
E02002293,1
E02002294,2
E02002295,2
E02002296,6
E02002297,6
E02002298,3
E02002299,1
E02002300,8
E02002301,2
E02002302,8
E02002303,5
E02002304,3
E02002305,2
E02002306,8
E02002307,4
E02002308,5
E02002309,2
E02002310,3
E02002311,4
E02002312,3
E02002313,1
E02002314,5
E02002315,3
E02002316,7
E02002317,2
E02002318,2
E02002319,5
E02002320,5
E02002321,9
E02002322,6
E02002323,8
E02002324,8
E02002325,7
E02002326,10
E02002327,9
E02002328,8
E02002329,8
E02002330,10
E02002331,6
E02002332,6
E02002333,8
E02002334,9
E02002335,10
E02002336,10
E02002337,10
E02002338,7
E02002339,4
E02002340,6
E02002341,10
E02002342,7
E02002343,9
E02002344,9
E02002345,10
E02002346,3
E02002347,2
E02002348,4
E02002349,8
E02002350,10
E02002351,10
E02002352,9
E02002353,8
E02002354,5
E02002356,9
E02002357,6
E02002358,3
E02002359,9
E02002360,6
E02002361,5
E02002362,1
E02002363,8
E02002364,1
E02002366,5
E02002367,1
E02002368,9
E02002369,1
E02002370,1
E02002371,1
E02002373,6
E02002374,4
E02002375,1
E02002376,1
E02002377,1
E02002379,1
E02002380,3
E02002381,4
E02002382,1
E02002383,4
E02002384,2
E02002385,2
E02002386,6
E02002387,1
E02002388,1
E02002389,1
E02002390,2
E02002391,5
E02002392,4
E02002393,1
E02002394,1
E02002395,6
E02002396,2
E02002397,3
E02002398,6
E02002399,1
E02002400,1
E02002401,1
E02002402,9
E02002403,7
E02002404,1
E02002405,5
E02002406,10
E02002407,1
E02002408,5
E02002409,2
E02002410,3
E02002411,1
E02002412,4
E02002414,1
E02002415,1
E02002416,5
E02002417,6
E02002418,6
E02002419,1
E02002420,3
E02002421,1
E02002422,7
E02002423,1
E02002424,5
E02002425,5
E02002426,6
E02002427,4
E02002428,3
E02002429,5
E02002430,1
E02002431,3
E02002432,6
E02002433,3
E02002434,6
E02002435,6
E02002436,3
E02002437,9
E02002438,1
E02002439,2
E02002440,2
E02002441,2
E02002442,6
E02002443,8
E02002444,5
E02002445,6
E02002446,8
E02002447,3
E02002448,1
E02002449,5
E02002450,6
E02002451,7
E02002452,2
E02002453,2
E02002454,2
E02002455,1
E02002456,4
E02002457,1
E02002458,6
E02002459,3
E02002460,7
E02002461,4
E02002462,5
E02002463,1
E02002464,2
E02002465,4
E02002466,5
E02002467,2
E02002468,7
E02002469,6
E02002470,10
E02002471,8
E02002472,8
E02002473,7
E02002474,3
E02002475,8
E02002476,1
E02002477,3
E02002478,3
E02002479,2
E02002480,2
E02002481,2
E02002482,1
E02002483,6
E02002484,1
E02002485,1
E02002489,1
E02002490,1
E02002491,1
E02002492,2
E02002493,7
E02002494,1
E02002496,1
E02002497,1
E02002498,1
E02002499,1
E02002500,2
E02002501,1
E02002502,1
E02002503,1
E02002504,5
E02002505,1
E02002506,1
E02002507,8
E02002508,7
E02002509,3
E02002510,8
E02002512,9
E02002513,1
E02002514,3
E02002515,1
E02002516,3
E02002517,2
E02002518,8
E02002519,1
E02002520,7
E02002521,4
E02002523,1
E02002524,4
E02002525,2
E02002526,3
E02002527,1
E02002529,3
E02002530,2
E02002532,2
E02002533,9
E02002534,10
E02002535,8
E02002536,4
E02002537,1
E02002538,4
E02002539,9
E02002540,8
E02002541,4
E02002542,1
E02002543,1
E02002544,1
E02002545,7
E02002546,1
E02002547,6
E02002549,8
E02002550,4
E02002551,1
E02002552,3
E02002553,3
E02002554,1
E02002555,9
E02002556,9
E02002558,9
E02002559,7
E02002560,6
E02002561,6
E02002562,1
E02002563,3
E02002564,3
E02002567,2
E02002568,9
E02002569,10
E02002570,1
E02002571,3
E02002572,2
E02002573,8
E02002574,9
E02002575,9
E02002576,3
E02002577,1
E02002578,3
E02002579,2
E02002580,1
E02002581,4
E02002582,8
E02002583,1
E02002584,3
E02002585,3
E02002586,1
E02002587,2
E02002588,1
E02002589,8
E02002590,9
E02002591,7
E02002592,4
E02002593,6
E02002594,3
E02002595,1
E02002596,7
E02002597,1
E02002598,10
E02002599,8
E02002600,2
E02002601,8
E02002602,2
E02002603,9
E02002604,9
E02002605,6
E02002606,2
E02002607,3
E02002608,9
E02002609,2
E02002610,10
E02002611,10
E02002612,9
E02002613,10
E02002614,10
E02002615,4
E02002616,5
E02002617,1
E02002618,2
E02002619,1
E02002620,1
E02002621,1
E02002622,1
E02002623,1
E02002624,8
E02002625,2
E02002626,1
E02002627,7
E02002628,2
E02002629,1
E02002630,1
E02002631,5
E02002632,9
E02002633,4
E02002634,3
E02002635,4
E02002636,3
E02002637,3
E02002638,1
E02002639,1
E02002640,1
E02002641,2
E02002642,1
E02002643,1
E02002644,3
E02002645,1
E02002646,1
E02002647,1
E02002648,1
E02002649,1
E02002650,3
E02002651,3
E02002653,1
E02002654,1
E02002655,1
E02002656,5
E02002657,4
E02002658,5
E02002659,1
E02002660,1
E02002661,2
E02002662,2
E02002663,6
E02002664,8
E02002665,6
E02002666,2
E02002667,3
E02002668,1
E02002669,3
E02002670,2
E02002671,2
E02002672,1
E02002673,2
E02002674,4
E02002675,1
E02002676,2
E02002677,1
E02002678,2
E02002679,4
E02002680,1
E02002681,1
E02002682,1
E02002684,5
E02002685,6
E02002686,1
E02002687,2
E02002688,1
E02002689,4
E02002691,8
E02002692,10
E02002693,7
E02002694,9
E02002695,5
E02002696,9
E02002697,9
E02002698,9
E02002699,10
E02002700,3
E02002701,7
E02002702,8
E02002703,10
E02002704,6
E02002705,7
E02002706,7
E02002707,10
E02002708,8
E02002709,8
E02002710,10
E02002711,10
E02002712,7
E02002714,6
E02002715,10
E02002716,7
E02002717,6
E02002718,10
E02002719,9
E02002720,10
E02002721,6
E02002722,2
E02002723,5
E02002724,3
E02002725,8
E02002726,3
E02002727,1
E02002728,1
E02002729,3
E02002730,1
E02002731,1
E02002732,8
E02002733,3
E02002734,4
E02002736,1
E02002737,4
E02002738,5
E02002739,3
E02002740,1
E02002741,4
E02002743,3
E02002744,1
E02002745,8
E02002746,8
E02002747,10
E02002748,8
E02002749,5
E02002750,7
E02002751,5
E02002752,5
E02002753,6
E02002754,5
E02002755,3
E02002756,1
E02002757,6
E02002758,3
E02002759,5
E02002760,4
E02002761,7
E02002762,3
E02002763,2
E02002764,1
E02002765,3
E02002766,7
E02002767,9
E02002768,8
E02002769,8
E02002770,6
E02002771,8
E02002772,10
E02002773,10
E02002774,10
E02002775,6
E02002776,9
E02002777,10
E02002778,10
E02002779,9
E02002780,4
E02002781,6
E02002782,10
E02002783,8
E02002784,5
E02002785,10
E02002786,6
E02002787,6
E02002788,9
E02002789,3
E02002790,9
E02002791,10
E02002792,10
E02002793,8
E02002794,10
E02002795,10
E02002796,10
E02002797,10
E02002798,10
E02002799,3
E02002800,8
E02002801,5
E02002802,1
E02002803,3
E02002804,3
E02002805,10
E02002806,3
E02002807,4
E02002808,2
E02002809,4
E02002810,10
E02002811,1
E02002812,5
E02002813,1
E02002814,10
E02002815,2
E02002816,9
E02002817,8
E02002818,2
E02002819,4
E02002820,2
E02002821,1
E02002822,5
E02002823,3
E02002824,2
E02002825,6
E02002826,8
E02002827,3
E02002828,5
E02002829,1
E02002830,2
E02002831,4
E02002832,3
E02002833,3
E02002834,6
E02002836,3
E02002837,1
E02002838,1
E02002839,4
E02002842,2
E02002843,3
E02002844,1
E02002845,2
E02002846,6
E02002847,4
E02002848,2
E02002849,3
E02002851,7
E02002852,1
E02002853,5
E02002854,1
E02002855,4
E02002856,7
E02002857,2
E02002858,10
E02002860,4
E02002861,1
E02002862,1
E02002863,8
E02002864,9
E02002865,10
E02002866,10
E02002867,9
E02002868,4
E02002869,1
E02002871,2
E02002872,1
E02002873,2
E02002874,2
E02002875,2
E02002876,2
E02002877,5
E02002878,1
E02002879,3
E02002880,1
E02002881,1
E02002882,3
E02002883,2
E02002884,2
E02002885,1
E02002886,3
E02002887,1
E02002888,1
E02002889,2
E02002890,2
E02002891,3
E02002892,1
E02002893,2
E02002895,6
E02002896,1
E02002897,9
E02002898,6
E02002901,5
E02002902,2
E02002903,2
E02002904,2
E02002905,6
E02002906,4
E02002907,3
E02002908,5
E02002909,4
E02002910,4
E02002911,6
E02002912,8
E02002913,7
E02002914,7
E02002915,8
E02002916,4
E02002917,7
E02002918,10
E02002919,4
E02002920,8
E02002921,2
E02002922,6
E02002923,7
E02002924,5
E02002925,5
E02002926,6
E02002927,5
E02002928,8
E02002929,8
E02002930,8
E02002931,9
E02002932,3
E02002933,7
E02002934,6
E02002935,4
E02002936,3
E02002937,7
E02002938,2
E02002939,4
E02002940,4
E02002941,4
E02002942,10
E02002944,1
E02002945,3
E02002946,4
E02002947,1
E02002948,1
E02002949,3
E02002950,1
E02002951,4
E02002952,2
E02002953,2
E02002954,2
E02002955,1
E02002956,2
E02002957,7
E02002958,3
E02002959,1
E02002960,4
E02002961,1
E02002962,1
E02002963,1
E02002964,3
E02002965,1
E02002966,2
E02002967,1
E02002968,5
E02002969,2
E02002970,2
E02002973,3
E02002974,4
E02002975,7
E02002976,3
E02002977,2
E02002978,1
E02002979,1
E02002980,7
E02002981,2
E02002982,1
E02002983,8
E02002984,9
E02002985,6
E02002986,5
E02002987,10
E02002988,10
E02002989,8
E02002990,9
E02002991,7
E02002992,10
E02002993,7
E02002994,9
E02002995,2
E02002996,10
E02002997,9
E02002998,8
E02002999,5
E02003000,9
E02003001,10
E02003002,6
E02003003,7
E02003004,8
E02003005,10
E02003006,7
E02003007,9
E02003008,5
E02003009,9
E02003010,7
E02003011,8
E02003012,2
E02003013,2
E02003014,1
E02003015,4
E02003016,3
E02003017,8
E02003018,4
E02003019,3
E02003020,10
E02003021,7
E02003022,10
E02003023,4
E02003024,3
E02003025,2
E02003026,10
E02003027,9
E02003028,10
E02003029,2
E02003030,3
E02003031,7
E02003032,4
E02003033,8
E02003036,5
E02003037,9
E02003038,4
E02003039,3
E02003040,3
E02003041,10
E02003044,6
E02003045,7
E02003046,5
E02003047,6
E02003048,5
E02003049,4
E02003050,3
E02003051,4
E02003052,6
E02003053,6
E02003054,4
E02003055,1
E02003056,1
E02003057,5
E02003058,3
E02003059,3
E02003060,4
E02003061,1
E02003062,1
E02003063,7
E02003064,1
E02003065,9
E02003066,10
E02003067,10
E02003068,8
E02003069,10
E02003070,10
E02003071,7
E02003072,8
E02003073,10
E02003074,9
E02003075,10
E02003076,9
E02003077,9
E02003078,7
E02003079,8
E02003080,5
E02003081,7
E02003082,3
E02003084,1
E02003085,1
E02003086,4
E02003087,7
E02003088,10
E02003089,3
E02003090,9
E02003091,8
E02003092,9
E02003093,9
E02003094,8
E02003095,9
E02003096,7
E02003097,9
E02003098,10
E02003099,7
E02003101,10
E02003102,10
E02003103,7
E02003104,8
E02003105,9
E02003107,7
E02003108,7
E02003109,10
E02003110,10
E02003111,9
E02003112,5
E02003113,8
E02003114,6
E02003115,5
E02003116,4
E02003117,6
E02003118,8
E02003119,6
E02003120,9
E02003121,10
E02003122,8
E02003123,3
E02003124,2
E02003125,2
E02003126,5
E02003127,2
E02003128,2
E02003129,6
E02003130,2
E02003131,4
E02003132,5
E02003133,5
E02003134,2
E02003135,2
E02003136,8
E02003137,9
E02003138,8
E02003139,9
E02003140,9
E02003141,2
E02003142,2
E02003143,7
E02003144,4
E02003145,3
E02003146,4
E02003147,1
E02003148,2
E02003149,2
E02003151,9
E02003152,7
E02003153,8
E02003154,2
E02003155,3
E02003156,6
E02003157,1
E02003158,3
E02003159,2
E02003161,1
E02003163,3
E02003164,6
E02003165,4
E02003166,2
E02003167,1
E02003168,5
E02003169,8
E02003170,4
E02003171,4
E02003172,3
E02003173,3
E02003174,7
E02003175,7
E02003176,1
E02003177,9
E02003178,4
E02003179,3
E02003180,5
E02003181,8
E02003182,9
E02003183,8
E02003184,5
E02003185,6
E02003186,3
E02003187,4
E02003188,4
E02003189,6
E02003190,1
E02003191,9
E02003192,3
E02003194,10
E02003195,5
E02003196,10
E02003197,6
E02003198,6
E02003199,6
E02003200,3
E02003201,4
E02003202,7
E02003203,6
E02003204,6
E02003205,9
E02003206,8
E02003207,4
E02003208,5
E02003209,5
E02003210,10
E02003211,9
E02003212,8
E02003214,1
E02003215,8
E02003216,5
E02003217,4
E02003218,2
E02003219,9
E02003220,7
E02003221,3
E02003222,10
E02003223,6
E02003224,9
E02003225,8
E02003226,4
E02003227,1
E02003228,6
E02003229,8
E02003230,5
E02003231,1
E02003232,8
E02003233,4
E02003234,4
E02003235,9
E02003236,8
E02003237,8
E02003238,6
E02003239,7
E02003240,8
E02003241,4
E02003242,5
E02003243,1
E02003244,2
E02003245,1
E02003246,1
E02003247,2
E02003248,3
E02003249,2
E02003250,2
E02003251,8
E02003252,5
E02003253,3
E02003254,8
E02003255,4
E02003257,1
E02003258,9
E02003259,5
E02003260,2
E02003261,5
E02003262,3
E02003263,4
E02003264,9
E02003265,6
E02003266,2
E02003267,4
E02003268,4
E02003269,5
E02003270,5
E02003271,7
E02003272,2
E02003273,3
E02003274,2
E02003276,3
E02003277,2
E02003278,3
E02003279,8
E02003280,4
E02003281,7
E02003282,5
E02003283,5
E02003284,4
E02003285,4
E02003286,10
E02003287,4
E02003288,2
E02003289,9
E02003290,6
E02003291,4
E02003292,1
E02003293,2
E02003294,9
E02003295,4
E02003296,9
E02003297,5
E02003298,6
E02003299,8
E02003300,7
E02003301,4
E02003302,3
E02003303,4
E02003304,5
E02003305,6
E02003307,3
E02003308,5
E02003309,8
E02003311,5
E02003312,4
E02003313,2
E02003314,3
E02003315,7
E02003316,6
E02003317,6
E02003318,8
E02003319,3
E02003320,5
E02003321,2
E02003322,2
E02003323,2
E02003324,4
E02003325,1
E02003326,3
E02003327,3
E02003328,1
E02003329,3
E02003330,4
E02003331,3
E02003332,4
E02003333,1
E02003334,3
E02003335,1
E02003336,7
E02003337,5
E02003338,4
E02003339,6
E02003340,2
E02003341,8
E02003342,7
E02003343,10
E02003344,3
E02003345,9
E02003346,6
E02003347,8
E02003348,10
E02003349,8
E02003350,5
E02003351,6
E02003352,10
E02003353,10
E02003354,10
E02003355,6
E02003356,10
E02003357,6
E02003358,6
E02003359,9
E02003360,7
E02003361,7
E02003362,8
E02003363,10
E02003364,8
E02003365,10
E02003366,10
E02003367,8
E02003368,7
E02003369,10
E02003370,10
E02003371,10
E02003372,9
E02003373,10
E02003374,7
E02003375,8
E02003376,8
E02003377,8
E02003378,9
E02003379,8
E02003380,10
E02003381,10
E02003382,7
E02003383,10
E02003384,8
E02003385,7
E02003386,7
E02003387,10
E02003388,8
E02003389,10
E02003390,10
E02003391,10
E02003392,5
E02003393,9
E02003394,3
E02003395,5
E02003396,5
E02003397,4
E02003398,5
E02003400,8
E02003401,5
E02003402,6
E02003403,3
E02003404,5
E02003405,2
E02003406,3
E02003407,3
E02003408,4
E02003409,5
E02003410,3
E02003411,4
E02003412,7
E02003414,5
E02003415,3
E02003416,7
E02003417,5
E02003418,4
E02003419,4
E02003420,4
E02003421,10
E02003422,9
E02003423,7
E02003424,10
E02003425,7
E02003426,10
E02003427,8
E02003428,9
E02003429,10
E02003430,9
E02003431,6
E02003432,10
E02003433,10
E02003434,7
E02003435,10
E02003436,10
E02003437,10
E02003438,10
E02003439,10
E02003440,10
E02003441,10
E02003442,10
E02003443,7
E02003444,10
E02003445,10
E02003446,10
E02003447,9
E02003448,10
E02003449,10
E02003450,10
E02003451,8
E02003452,10
E02003453,10
E02003454,10
E02003455,9
E02003456,9
E02003457,10
E02003458,10
E02003459,10
E02003460,8
E02003461,8
E02003462,10
E02003463,6
E02003464,3
E02003465,8
E02003466,6
E02003467,4
E02003468,7
E02003469,8
E02003470,1
E02003471,5
E02003472,3
E02003473,9
E02003474,7
E02003476,2
E02003478,8
E02003479,3
E02003480,7
E02003481,1
E02003482,9
E02003483,8
E02003484,7
E02003485,5
E02003486,9
E02003487,5
E02003488,4
E02003489,7
E02003490,1
E02003491,7
E02003492,4
E02003493,10
E02003494,9
E02003495,5
E02003496,4
E02003497,10
E02003498,2
E02003499,2
E02003500,10
E02003501,9
E02003502,3
E02003503,4
E02003504,7
E02003505,7
E02003506,7
E02003507,5
E02003508,8
E02003509,5
E02003510,7
E02003511,6
E02003512,6
E02003513,6
E02003514,6
E02003515,1
E02003516,6
E02003517,3
E02003518,5
E02003519,4
E02003520,2
E02003521,3
E02003522,4
E02003523,9
E02003524,1
E02003525,1
E02003526,9
E02003527,4
E02003529,6
E02003530,4
E02003531,6
E02003532,3
E02003533,2
E02003534,4
E02003535,3
E02003536,1
E02003537,4
E02003538,2
E02003540,4
E02003541,1
E02003542,6
E02003543,5
E02003544,5
E02003545,4
E02003546,6
E02003547,6
E02003548,5
E02003549,7
E02003550,4
E02003551,3
E02003552,2
E02003553,3
E02003554,6
E02003555,2
E02003556,6
E02003557,9
E02003558,2
E02003559,8
E02003560,1
E02003561,4
E02003562,6
E02003563,3
E02003564,3
E02003565,5
E02003566,3
E02003567,2
E02003568,5
E02003569,3
E02003570,1
E02003571,5
E02003572,5
E02003573,2
E02003574,5
E02003575,1
E02003576,3
E02003578,4
E02003579,4
E02003580,1
E02003581,5
E02003582,8
E02003583,4
E02003584,2
E02003585,7
E02003586,4
E02003587,3
E02003588,2
E02003589,3
E02003590,8
E02003591,5
E02003592,5
E02003593,5
E02003594,3
E02003595,6
E02003596,3
E02003597,4
E02003598,3
E02003599,7
E02003600,7
E02003601,9
E02003602,7
E02003603,7
E02003604,8
E02003605,10
E02003606,9
E02003607,8
E02003608,9
E02003609,9
E02003610,10
E02003611,10
E02003612,10
E02003613,7
E02003614,10
E02003615,10
E02003616,9
E02003617,8
E02003618,9
E02003619,7
E02003620,7
E02003621,8
E02003622,4
E02003623,10
E02003624,6
E02003625,3
E02003626,6
E02003627,3
E02003628,3
E02003629,3
E02003630,3
E02003631,4
E02003632,5
E02003633,5
E02003635,7
E02003636,9
E02003637,7
E02003638,9
E02003639,5
E02003640,9
E02003641,10
E02003642,3
E02003643,9
E02003644,5
E02003645,9
E02003646,5
E02003647,5
E02003648,4
E02003649,10
E02003650,7
E02003651,7
E02003652,9
E02003653,8
E02003654,10
E02003655,8
E02003656,9
E02003657,9
E02003658,9
E02003659,9
E02003660,10
E02003661,8
E02003662,7
E02003663,5
E02003664,4
E02003665,8
E02003666,5
E02003667,9
E02003668,10
E02003669,4
E02003670,9
E02003671,6
E02003672,10
E02003673,10
E02003674,10
E02003675,10
E02003676,9
E02003677,7
E02003678,10
E02003679,7
E02003680,10
E02003681,10
E02003682,10
E02003683,10
E02003685,10
E02003686,10
E02003687,10
E02003688,10
E02003689,10
E02003690,7
E02003691,9
E02003692,9
E02003693,9
E02003694,7
E02003695,8
E02003696,9
E02003697,10
E02003698,10
E02003699,9
E02003701,8
E02003702,8
E02003703,8
E02003704,10
E02003705,6
E02003706,7
E02003707,7
E02003708,4
E02003709,4
E02003710,7
E02003711,7
E02003712,6
E02003713,10
E02003714,9
E02003715,10
E02003716,10
E02003717,10
E02003718,10
E02003719,4
E02003720,5
E02003721,5
E02003722,8
E02003723,9
E02003724,3
E02003725,9
E02003726,8
E02003727,7
E02003728,7
E02003729,8
E02003731,10
E02003732,6
E02003733,8
E02003734,8
E02003735,9
E02003736,8
E02003737,7
E02003738,8
E02003739,9
E02003740,8
E02003742,3
E02003743,2
E02003744,2
E02003745,3
E02003746,4
E02003747,5
E02003748,4
E02003749,6
E02003750,5
E02003751,7
E02003752,5
E02003753,7
E02003754,8
E02003755,5
E02003756,8
E02003757,8
E02003758,8
E02003759,10
E02003760,3
E02003761,7
E02003762,10
E02003763,8
E02003764,7
E02003765,8
E02003766,9
E02003767,8
E02003768,10
E02003769,9
E02003770,8
E02003771,7
E02003772,10
E02003773,7
E02003774,6
E02003775,9
E02003776,9
E02003777,10
E02003778,9
E02003780,9
E02003781,8
E02003784,10
E02003785,9
E02003786,10
E02003787,9
E02003788,10
E02003789,9
E02003790,9
E02003791,10
E02003792,9
E02003793,7
E02003794,6
E02003795,7
E02003796,5
E02003797,9
E02003798,2
E02003799,2
E02003800,10
E02003801,8
E02003802,4
E02003803,6
E02003804,7
E02003805,10
E02003806,9
E02003807,9
E02003808,3
E02003809,7
E02003810,8
E02003811,9
E02003812,10
E02003813,7
E02003814,7
E02003815,3
E02003816,5
E02003817,10
E02003818,10
E02003819,9
E02003820,9
E02003821,6
E02003822,8
E02003823,7
E02003824,10
E02003825,9
E02003826,2
E02003827,2
E02003828,2
E02003829,8
E02003830,2
E02003831,9
E02003832,3
E02003833,6
E02003834,3
E02003835,10
E02003836,6
E02003838,9
E02003839,6
E02003840,7
E02003841,6
E02003842,9
E02003843,3
E02003844,9
E02003845,1
E02003846,2
E02003847,10
E02003848,2
E02003849,1
E02003850,6
E02003851,9
E02003852,10
E02003853,9
E02003854,9
E02003855,10
E02003856,5
E02003857,8
E02003858,10
E02003859,7
E02003860,10
E02003861,6
E02003862,10
E02003863,10
E02003864,10
E02003865,9
E02003866,10
E02003867,8
E02003868,5
E02003869,9
E02003870,5
E02003871,4
E02003872,8
E02003873,3
E02003874,8
E02003875,9
E02003876,6
E02003877,10
E02003878,7
E02003879,4
E02003880,5
E02003881,4
E02003882,4
E02003883,10
E02003884,9
E02003885,9
E02003886,3
E02003887,6
E02003888,2
E02003889,1
E02003890,3
E02003891,9
E02003892,5
E02003893,4
E02003894,5
E02003895,4
E02003896,2
E02003897,8
E02003898,5
E02003899,5
E02003900,6
E02003901,3
E02003902,4
E02003903,5
E02003904,5
E02003905,5
E02003906,4
E02003907,5
E02003908,5
E02003909,6
E02003910,5
E02003911,6
E02003912,6
E02003913,6
E02003914,5
E02003915,3
E02003916,8
E02003917,7
E02003918,4
E02003919,2
E02003920,5
E02003921,4
E02003922,3
E02003923,2
E02003924,2
E02003925,2
E02003926,5
E02003927,6
E02003928,6
E02003929,4
E02003930,5
E02003931,5
E02003932,4
E02003933,4
E02003934,3
E02003935,4
E02003936,4
E02003937,5
E02003938,5
E02003939,7
E02003940,4
E02003941,4
E02003942,2
E02003943,4
E02003944,4
E02003945,6
E02003946,4
E02003947,3
E02003948,2
E02003949,2
E02003950,4
E02003951,3
E02003952,5
E02003953,5
E02003954,3
E02003955,5
E02003956,3
E02003957,3
E02003958,3
E02003959,4
E02003960,6
E02003961,7
E02003962,4
E02003963,2
E02003964,5
E02003965,5
E02003966,5
E02003967,4
E02003968,5
E02003969,2
E02003970,7
E02003971,8
E02003972,4
E02003973,1
E02003974,3
E02003975,6
E02003976,8
E02003977,6
E02003978,5
E02003979,8
E02003980,1
E02003981,5
E02003982,5
E02003983,1
E02003984,1
E02003985,3
E02003986,2
E02003987,3
E02003988,6
E02003989,8
E02003990,9
E02003991,8
E02003992,4
E02003993,9
E02003994,3
E02003995,2
E02003996,3
E02003997,2
E02003998,3
E02003999,8
E02004000,3
E02004001,2
E02004002,6
E02004003,3
E02004004,2
E02004005,4
E02004006,8
E02004007,4
E02004008,5
E02004009,7
E02004010,5
E02004011,9
E02004012,6
E02004013,7
E02004014,5
E02004015,8
E02004016,8
E02004017,7
E02004018,5
E02004019,9
E02004020,9
E02004021,6
E02004022,7
E02004023,7
E02004024,9
E02004025,9
E02004026,5
E02004027,9
E02004028,9
E02004029,3
E02004030,8
E02004031,2
E02004032,8
E02004033,5
E02004034,8
E02004035,8
E02004036,4
E02004037,10
E02004038,6
E02004039,8
E02004040,6
E02004041,6
E02004043,7
E02004044,10
E02004045,7
E02004046,4
E02004047,2
E02004048,2
E02004049,5
E02004050,2
E02004051,3
E02004052,5
E02004053,4
E02004054,5
E02004055,4
E02004056,2
E02004057,3
E02004058,2
E02004059,5
E02004060,3
E02004061,3
E02004062,4
E02004063,8
E02004064,3
E02004065,10
E02004066,6
E02004067,1
E02004068,10
E02004069,10
E02004072,9
E02004073,5
E02004074,8
E02004075,7
E02004076,8
E02004077,7
E02004078,1
E02004080,3
E02004081,9
E02004082,10
E02004083,5
E02004084,2
E02004085,6
E02004086,8
E02004087,4
E02004088,10
E02004089,3
E02004090,8
E02004091,8
E02004092,6
E02004093,6
E02004094,3
E02004095,5
E02004096,10
E02004097,9
E02004098,5
E02004100,9
E02004102,5
E02004103,4
E02004104,9
E02004105,7
E02004106,9
E02004108,6
E02004109,10
E02004110,10
E02004111,5
E02004112,9
E02004113,2
E02004114,8
E02004115,6
E02004116,3
E02004117,5
E02004118,7
E02004119,10
E02004120,8
E02004121,9
E02004122,10
E02004123,9
E02004124,5
E02004125,4
E02004126,5
E02004128,6
E02004129,6
E02004130,5
E02004131,9
E02004132,8
E02004133,6
E02004135,8
E02004136,9
E02004137,8
E02004138,7
E02004139,7
E02004140,10
E02004141,9
E02004142,9
E02004143,9
E02004144,9
E02004145,9
E02004146,6
E02004147,5
E02004148,6
E02004149,10
E02004150,4
E02004151,6
E02004152,7
E02004153,6
E02004154,8
E02004155,4
E02004156,3
E02004157,9
E02004158,5
E02004159,9
E02004160,7
E02004161,3
E02004162,7
E02004163,7
E02004164,5
E02004165,8
E02004166,7
E02004167,4
E02004168,3
E02004169,8
E02004170,7
E02004171,7
E02004172,5
E02004173,5
E02004174,7
E02004175,2
E02004176,4
E02004177,3
E02004178,8
E02004179,9
E02004180,6
E02004181,5
E02004182,2
E02004183,5
E02004184,4
E02004185,7
E02004186,7
E02004187,5
E02004188,4
E02004189,8
E02004190,6
E02004191,5
E02004192,7
E02004193,9
E02004194,6
E02004195,7
E02004196,8
E02004197,9
E02004198,6
E02004199,6
E02004200,7
E02004201,6
E02004202,8
E02004203,7
E02004204,8
E02004205,5
E02004206,5
E02004207,7
E02004208,9
E02004209,7
E02004210,3
E02004211,9
E02004212,7
E02004213,7
E02004214,3
E02004215,4
E02004216,6
E02004217,5
E02004218,7
E02004219,9
E02004220,4
E02004221,6
E02004222,3
E02004223,4
E02004224,5
E02004225,6
E02004226,4
E02004227,3
E02004228,4
E02004229,5
E02004230,5
E02004231,5
E02004232,4
E02004233,7
E02004234,6
E02004235,6
E02004236,8
E02004237,8
E02004238,9
E02004239,10
E02004240,3
E02004241,7
E02004242,10
E02004243,7
E02004244,10
E02004245,8
E02004246,9
E02004247,6
E02004248,8
E02004249,10
E02004250,6
E02004251,9
E02004252,7
E02004253,10
E02004254,10
E02004255,7
E02004256,8
E02004257,6
E02004258,7
E02004259,5
E02004260,7
E02004261,6
E02004262,6
E02004263,8
E02004264,7
E02004265,6
E02004266,6
E02004267,6
E02004268,7
E02004269,7
E02004270,7
E02004271,5
E02004272,7
E02004273,7
E02004274,5
E02004275,5
E02004276,5
E02004278,9
E02004279,8
E02004280,6
E02004281,3
E02004282,9
E02004283,4
E02004284,1
E02004285,3
E02004286,5
E02004287,6
E02004288,2
E02004289,5
E02004290,8
E02004291,2
E02004292,7
E02004293,2
E02004294,9
E02004295,5
E02004296,4
E02004297,7
E02004298,6
E02004299,4
E02004300,2
E02004301,2
E02004302,2
E02004303,4
E02004304,4
E02004305,4
E02004306,6
E02004307,4
E02004308,9
E02004309,7
E02004310,4
E02004311,4
E02004312,9
E02004313,2
E02004314,8
E02004315,10
E02004316,3
E02004317,3
E02004318,5
E02004319,5
E02004320,7
E02004321,3
E02004322,1
E02004323,4
E02004324,2
E02004325,1
E02004326,1
E02004327,1
E02004328,2
E02004329,3
E02004330,1
E02004331,2
E02004332,3
E02004333,5
E02004334,3
E02004335,1
E02004336,2
E02004337,3
E02004338,3
E02004339,9
E02004340,1
E02004341,7
E02004342,1
E02004343,3
E02004344,3
E02004345,5
E02004348,5
E02004349,2
E02004350,4
E02004351,1
E02004352,2
E02004353,5
E02004354,3
E02004355,1
E02004356,2
E02004357,3
E02004358,3
E02004359,4
E02004361,7
E02004362,6
E02004363,6
E02004364,7
E02004365,2
E02004366,4
E02004367,9
E02004368,6
E02004369,6
E02004370,1
E02004371,2
E02004372,1
E02004373,3
E02004374,3
E02004375,2
E02004376,1
E02004377,3
E02004378,1
E02004379,8
E02004380,9
E02004381,6
E02004382,6
E02004383,9
E02004384,8
E02004385,5
E02004386,4
E02004387,3
E02004388,4
E02004389,9
E02004390,7
E02004391,6
E02004392,7
E02004393,4
E02004394,6
E02004395,4
E02004396,6
E02004397,6
E02004398,2
E02004399,5
E02004400,8
E02004401,8
E02004402,3
E02004403,8
E02004404,9
E02004405,10
E02004406,10
E02004407,9
E02004408,8
E02004409,7
E02004410,8
E02004411,8
E02004412,9
E02004413,7
E02004414,9
E02004415,7
E02004416,6
E02004417,8
E02004418,6
E02004419,3
E02004420,6
E02004421,6
E02004422,8
E02004423,9
E02004424,10
E02004425,9
E02004426,10
E02004427,9
E02004428,6
E02004429,7
E02004430,9
E02004431,6
E02004432,7
E02004433,4
E02004434,3
E02004435,3
E02004436,1
E02004437,3
E02004438,2
E02004439,2
E02004440,3
E02004441,2
E02004442,1
E02004443,5
E02004444,8
E02004445,2
E02004446,8
E02004447,7
E02004448,8
E02004449,5
E02004450,7
E02004451,9
E02004452,8
E02004453,3
E02004454,6
E02004455,10
E02004456,5
E02004457,6
E02004458,10
E02004459,9
E02004460,5
E02004461,4
E02004462,6
E02004463,8
E02004464,9
E02004465,9
E02004466,7
E02004467,6
E02004468,10
E02004469,9
E02004470,9
E02004471,7
E02004472,10
E02004473,8
E02004474,7
E02004475,9
E02004476,10
E02004477,10
E02004478,6
E02004479,8
E02004480,6
E02004481,5
E02004482,2
E02004483,5
E02004484,3
E02004485,7
E02004486,10
E02004487,5
E02004488,9
E02004489,8
E02004490,3
E02004491,10
E02004492,8
E02004493,6
E02004495,8
E02004496,10
E02004497,9
E02004498,6
E02004499,10
E02004500,9
E02004501,7
E02004502,7
E02004503,10
E02004504,9
E02004505,6
E02004506,8
E02004507,6
E02004508,8
E02004512,5
E02004513,2
E02004514,7
E02004515,7
E02004516,4
E02004517,7
E02004518,8
E02004519,9
E02004520,5
E02004521,4
E02004522,10
E02004523,4
E02004524,8
E02004525,7
E02004526,8
E02004527,7
E02004528,7
E02004529,4
E02004530,7
E02004531,7
E02004532,8
E02004533,4
E02004534,5
E02004535,4
E02004536,9
E02004537,4
E02004538,8
E02004539,6
E02004540,9
E02004541,9
E02004542,9
E02004543,7
E02004544,7
E02004545,4
E02004546,4
E02004547,4
E02004548,9
E02004549,4
E02004550,4
E02004551,4
E02004552,6
E02004553,3
E02004554,5
E02004555,8
E02004556,9
E02004557,6
E02004558,5
E02004559,8
E02004560,6
E02004561,7
E02004562,7
E02004563,8
E02004564,9
E02004566,4
E02004567,10
E02004568,8
E02004569,6
E02004570,9
E02004571,10
E02004572,6
E02004573,1
E02004574,3
E02004575,6
E02004576,5
E02004577,6
E02004578,3
E02004579,4
E02004580,5
E02004581,7
E02004582,3
E02004583,4
E02004584,5
E02004585,3
E02004586,2
E02004587,1
E02004588,1
E02004589,2
E02004590,1
E02004591,10
E02004592,9
E02004593,9
E02004594,9
E02004595,10
E02004596,7
E02004597,8
E02004598,9
E02004599,9
E02004600,6
E02004601,10
E02004602,3
E02004603,4
E02004604,2
E02004605,2
E02004606,5
E02004607,8
E02004608,8
E02004609,10
E02004610,10
E02004611,10
E02004612,10
E02004613,10
E02004614,10
E02004615,9
E02004616,8
E02004617,8
E02004618,6
E02004619,8
E02004620,9
E02004621,8
E02004622,8
E02004623,10
E02004624,9
E02004625,9
E02004626,6
E02004627,6
E02004628,6
E02004629,4
E02004630,5
E02004631,7
E02004632,5
E02004633,6
E02004634,5
E02004635,7
E02004636,10
E02004637,3
E02004638,8
E02004639,2
E02004640,2
E02004641,9
E02004642,5
E02004643,2
E02004644,3
E02004645,9
E02004646,2
E02004647,4
E02004648,6
E02004649,9
E02004650,7
E02004651,8
E02004652,9
E02004653,8
E02004654,8
E02004655,7
E02004656,6
E02004657,10
E02004658,10
E02004659,9
E02004660,9
E02004661,8
E02004662,8
E02004663,9
E02004664,7
E02004665,10
E02004666,8
E02004667,6
E02004668,9
E02004669,8
E02004671,7
E02004672,9
E02004673,5
E02004674,7
E02004675,9
E02004676,9
E02004677,8
E02004678,9
E02004679,9
E02004680,10
E02004681,4
E02004682,8
E02004683,6
E02004684,6
E02004685,6
E02004686,6
E02004687,4
E02004688,3
E02004689,10
E02004690,9
E02004691,9
E02004692,10
E02004693,5
E02004694,10
E02004695,10
E02004696,9
E02004697,10
E02004698,5
E02004699,10
E02004700,6
E02004702,7
E02004703,9
E02004704,7
E02004705,9
E02004706,8
E02004707,8
E02004708,8
E02004709,10
E02004710,10
E02004712,10
E02004713,10
E02004714,10
E02004715,8
E02004716,8
E02004717,5
E02004718,6
E02004719,10
E02004720,8
E02004721,10
E02004722,8
E02004723,10
E02004724,6
E02004725,7
E02004726,9
E02004727,10
E02004728,9
E02004729,7
E02004730,10
E02004731,10
E02004732,10
E02004733,8
E02004734,7
E02004735,10
E02004736,10
E02004737,5
E02004738,8
E02004739,9
E02004740,10
E02004741,4
E02004742,4
E02004743,7
E02004744,2
E02004745,4
E02004746,9
E02004747,5
E02004748,2
E02004749,9
E02004750,8
E02004751,10
E02004752,10
E02004753,10
E02004754,9
E02004755,10
E02004756,10
E02004757,10
E02004758,10
E02004759,10
E02004760,10
E02004761,10
E02004764,8
E02004765,10
E02004766,4
E02004767,2
E02004768,5
E02004769,1
E02004770,2
E02004771,1
E02004772,7
E02004774,8
E02004775,6
E02004776,8
E02004777,5
E02004778,6
E02004779,7
E02004780,5
E02004781,8
E02004782,5
E02004783,8
E02004784,8
E02004785,7
E02004786,8
E02004787,9
E02004788,9
E02004789,7
E02004790,6
E02004791,4
E02004792,7
E02004793,10
E02004794,8
E02004795,8
E02004796,10
E02004797,6
E02004798,4
E02004799,7
E02004800,10
E02004801,10
E02004802,5
E02004803,3
E02004804,9
E02004805,10
E02004806,9
E02004807,6
E02004808,8
E02004809,4
E02004810,7
E02004811,5
E02004812,9
E02004813,4
E02004814,9
E02004815,3
E02004817,6
E02004818,9
E02004819,9
E02004820,8
E02004821,8
E02004822,7
E02004823,10
E02004824,7
E02004825,9
E02004826,7
E02004827,10
E02004828,9
E02004829,9
E02004830,9
E02004831,10
E02004832,9
E02004833,10
E02004834,5
E02004835,9
E02004836,5
E02004837,10
E02004838,10
E02004839,9
E02004840,10
E02004841,8
E02004842,8
E02004843,9
E02004844,6
E02004845,6
E02004846,10
E02004847,5
E02004848,6
E02004849,9
E02004850,5
E02004851,5
E02004852,6
E02004853,4
E02004854,5
E02004855,3
E02004856,8
E02004857,10
E02004858,8
E02004859,10
E02004860,7
E02004861,10
E02004862,4
E02004863,3
E02004864,10
E02004865,6
E02004866,6
E02004867,10
E02004868,5
E02004869,10
E02004870,5
E02004871,7
E02004872,8
E02004873,9
E02004874,6
E02004875,6
E02004876,10
E02004877,10
E02004878,9
E02004880,10
E02004881,10
E02004882,10
E02004883,9
E02004884,9
E02004885,10
E02004886,7
E02004887,9
E02004888,10
E02004889,9
E02004890,10
E02004891,10
E02004892,6
E02004893,10
E02004894,9
E02004895,9
E02004896,9
E02004897,9
E02004898,5
E02004899,7
E02004900,10
E02004901,3
E02004902,5
E02004903,7
E02004904,6
E02004905,9
E02004906,6
E02004907,9
E02004908,9
E02004909,8
E02004910,10
E02004911,5
E02004912,8
E02004914,6
E02004915,5
E02004916,8
E02004917,5
E02004918,9
E02004919,8
E02004920,8
E02004921,10
E02004922,8
E02004923,10
E02004924,10
E02004925,10
E02004926,10
E02004927,9
E02004928,10
E02004929,8
E02004930,10
E02004931,10
E02004932,7
E02004933,10
E02004934,10
E02004935,9
E02004936,10
E02004937,10
E02004939,7
E02004940,7
E02004941,8
E02004942,8
E02004943,10
E02004944,5
E02004945,6
E02004946,4
E02004948,5
E02004949,4
E02004950,6
E02004951,3
E02004952,6
E02004953,4
E02004954,4
E02004955,6
E02004956,9
E02004957,7
E02004958,10
E02004959,10
E02004960,10
E02004961,10
E02004962,9
E02004963,6
E02004964,6
E02004965,8
E02004966,10
E02004967,4
E02004968,6
E02004969,8
E02004970,5
E02004971,6
E02004972,10
E02004973,6
E02004974,10
E02004975,9
E02004976,4
E02004977,6
E02004978,4
E02004979,8
E02004980,10
E02004981,9
E02004982,9
E02004983,6
E02004984,7
E02004985,9
E02004986,3
E02004987,7
E02004988,6
E02004989,6
E02004990,6
E02004991,5
E02004992,6
E02004994,10
E02004995,10
E02004996,7
E02004997,5
E02004998,9
E02005000,4
E02005001,7
E02005002,3
E02005003,3
E02005004,7
E02005005,7
E02005006,5
E02005007,6
E02005008,7
E02005009,6
E02005010,2
E02005011,8
E02005012,4
E02005013,4
E02005014,10
E02005015,8
E02005016,6
E02005017,7
E02005018,6
E02005019,6
E02005020,5
E02005021,10
E02005022,6
E02005023,2
E02005025,9
E02005026,7
E02005027,8
E02005028,2
E02005029,7
E02005030,6
E02005031,4
E02005032,5
E02005033,4
E02005034,10
E02005035,7
E02005036,3
E02005037,9
E02005038,6
E02005039,4
E02005040,8
E02005041,6
E02005042,7
E02005043,6
E02005044,6
E02005045,4
E02005046,3
E02005047,5
E02005048,7
E02005049,8
E02005050,8
E02005051,2
E02005052,2
E02005053,2
E02005054,6
E02005055,3
E02005056,2
E02005057,4
E02005058,4
E02005059,8
E02005060,5
E02005061,2
E02005062,6
E02005063,6
E02005064,8
E02005065,3
E02005066,10
E02005067,8
E02005068,7
E02005069,9
E02005070,10
E02005071,3
E02005072,10
E02005073,5
E02005074,10
E02005075,6
E02005076,4
E02005077,4
E02005078,6
E02005079,9
E02005080,2
E02005081,7
E02005082,7
E02005083,8
E02005084,6
E02005085,5
E02005086,8
E02005087,8
E02005088,3
E02005089,8
E02005090,9
E02005091,8
E02005093,7
E02005094,8
E02005095,10
E02005096,8
E02005097,10
E02005098,10
E02005099,8
E02005100,6
E02005101,7
E02005102,7
E02005103,6
E02005104,2
E02005105,2
E02005106,5
E02005107,7
E02005109,9
E02005110,5
E02005111,4
E02005112,3
E02005113,5
E02005114,3
E02005115,1
E02005116,1
E02005117,4
E02005118,4
E02005119,2
E02005120,1
E02005121,6
E02005122,6
E02005123,5
E02005124,1
E02005125,3
E02005126,6
E02005127,8
E02005128,5
E02005129,4
E02005130,4
E02005131,5
E02005132,1
E02005133,6
E02005134,1
E02005135,2
E02005136,4
E02005137,1
E02005138,4
E02005139,6
E02005140,8
E02005141,6
E02005142,4
E02005143,4
E02005144,1
E02005145,5
E02005146,3
E02005147,1
E02005148,6
E02005149,7
E02005150,5
E02005151,7
E02005153,6
E02005154,8
E02005155,10
E02005156,7
E02005157,5
E02005158,10
E02005159,8
E02005160,7
E02005161,9
E02005162,8
E02005163,9
E02005164,7
E02005165,8
E02005166,3
E02005167,10
E02005168,10
E02005169,8
E02005170,10
E02005171,5
E02005172,7
E02005173,10
E02005174,7
E02005175,8
E02005176,5
E02005177,2
E02005178,1
E02005179,2
E02005180,6
E02005181,2
E02005182,1
E02005183,2
E02005184,7
E02005185,1
E02005186,5
E02005189,2
E02005190,9
E02005191,8
E02005192,10
E02005193,9
E02005194,4
E02005195,7
E02005196,8
E02005197,3
E02005198,4
E02005199,10
E02005200,4
E02005201,5
E02005202,7
E02005203,7
E02005204,7
E02005205,7
E02005206,5
E02005207,8
E02005208,3
E02005209,7
E02005210,8
E02005211,9
E02005212,3
E02005213,3
E02005214,3
E02005215,2
E02005216,1
E02005217,1
E02005218,2
E02005219,3
E02005220,6
E02005221,6
E02005222,7
E02005223,9
E02005224,5
E02005225,9
E02005226,1
E02005228,3
E02005229,1
E02005230,2
E02005231,2
E02005233,4
E02005234,4
E02005235,7
E02005236,4
E02005237,6
E02005238,6
E02005239,8
E02005240,5
E02005241,5
E02005242,5
E02005245,8
E02005246,1
E02005247,8
E02005248,1
E02005249,1
E02005250,1
E02005251,4
E02005252,2
E02005253,7
E02005254,9
E02005255,9
E02005256,9
E02005257,2
E02005258,7
E02005259,2
E02005260,6
E02005261,1
E02005262,7
E02005263,2
E02005264,3
E02005265,3
E02005266,1
E02005267,1
E02005268,2
E02005269,1
E02005270,7
E02005271,9
E02005272,6
E02005273,9
E02005274,10
E02005275,8
E02005276,9
E02005277,10
E02005278,8
E02005279,3
E02005280,2
E02005281,4
E02005284,8
E02005285,7
E02005286,4
E02005287,10
E02005288,8
E02005289,10
E02005290,9
E02005291,6
E02005292,4
E02005293,5
E02005294,5
E02005295,7
E02005296,10
E02005297,10
E02005298,8
E02005299,5
E02005300,7
E02005301,4
E02005302,9
E02005303,2
E02005304,9
E02005305,7
E02005306,6
E02005307,7
E02005308,10
E02005309,8
E02005310,8
E02005311,8
E02005312,7
E02005313,2
E02005314,3
E02005315,10
E02005316,2
E02005317,1
E02005318,7
E02005319,1
E02005320,3
E02005321,2
E02005322,6
E02005323,2
E02005324,8
E02005325,9
E02005326,3
E02005327,7
E02005328,8
E02005329,5
E02005330,9
E02005331,7
E02005332,9
E02005334,9
E02005335,10
E02005336,7
E02005337,7
E02005338,7
E02005339,10
E02005340,7
E02005341,9
E02005342,9
E02005343,10
E02005344,9
E02005345,8
E02005346,2
E02005347,6
E02005348,8
E02005349,7
E02005350,7
E02005351,8
E02005352,10
E02005353,4
E02005354,10
E02005355,9
E02005356,9
E02005357,7
E02005358,9
E02005359,9
E02005360,10
E02005361,7
E02005362,6
E02005363,9
E02005364,9
E02005365,6
E02005366,8
E02005368,8
E02005369,10
E02005370,10
E02005371,9
E02005372,9
E02005373,10
E02005374,6
E02005375,10
E02005376,9
E02005377,8
E02005378,10
E02005379,9
E02005380,9
E02005381,8
E02005382,5
E02005383,5
E02005384,8
E02005385,9
E02005386,5
E02005387,7
E02005388,5
E02005389,5
E02005390,10
E02005391,9
E02005392,10
E02005393,8
E02005394,6
E02005395,7
E02005396,7
E02005397,7
E02005398,9
E02005399,8
E02005400,6
E02005401,8
E02005402,8
E02005403,8
E02005404,6
E02005405,2
E02005406,5
E02005407,9
E02005408,7
E02005409,7
E02005412,8
E02005414,4
E02005415,4
E02005416,9
E02005417,4
E02005418,2
E02005419,4
E02005420,4
E02005422,4
E02005423,4
E02005424,7
E02005425,5
E02005426,3
E02005427,5
E02005428,1
E02005429,2
E02005430,4
E02005431,3
E02005432,4
E02005433,1
E02005434,5
E02005435,2
E02005436,4
E02005437,1
E02005438,1
E02005439,7
E02005440,1
E02005441,4
E02005442,1
E02005443,3
E02005444,6
E02005445,2
E02005446,5
E02005447,2
E02005448,2
E02005449,6
E02005450,7
E02005451,1
E02005452,6
E02005453,10
E02005455,9
E02005456,8
E02005457,8
E02005458,9
E02005459,4
E02005460,10
E02005461,8
E02005462,5
E02005463,9
E02005464,6
E02005465,6
E02005466,4
E02005467,6
E02005468,6
E02005469,6
E02005470,8
E02005471,5
E02005472,4
E02005473,8
E02005474,4
E02005475,7
E02005476,8
E02005477,9
E02005478,5
E02005479,8
E02005480,2
E02005481,5
E02005482,8
E02005483,6
E02005484,6
E02005485,10
E02005486,8
E02005487,10
E02005488,8
E02005489,9
E02005490,7
E02005491,9
E02005492,6
E02005493,7
E02005494,5
E02005495,1
E02005496,5
E02005497,1
E02005498,6
E02005499,8
E02005500,8
E02005501,10
E02005502,6
E02005503,6
E02005504,5
E02005505,5
E02005506,6
E02005507,5
E02005508,6
E02005509,3
E02005510,6
E02005511,5
E02005512,4
E02005513,7
E02005514,5
E02005515,7
E02005516,7
E02005517,2
E02005518,7
E02005519,3
E02005520,7
E02005521,6
E02005522,7
E02005523,7
E02005524,9
E02005525,9
E02005526,9
E02005527,8
E02005528,8
E02005529,7
E02005530,8
E02005531,7
E02005532,9
E02005533,8
E02005534,8
E02005535,9
E02005536,8
E02005537,6
E02005538,4
E02005539,5
E02005540,5
E02005541,2
E02005542,1
E02005543,1
E02005544,1
E02005545,8
E02005546,1
E02005547,4
E02005548,2
E02005549,5
E02005550,6
E02005551,3
E02005552,4
E02005553,5
E02005554,6
E02005555,10
E02005556,6
E02005557,1
E02005558,4
E02005559,3
E02005560,4
E02005561,2
E02005562,4
E02005563,3
E02005564,7
E02005565,4
E02005566,3
E02005567,5
E02005568,5
E02005569,5
E02005570,7
E02005571,4
E02005572,3
E02005573,5
E02005574,5
E02005575,5
E02005576,4
E02005577,5
E02005578,4
E02005580,5
E02005581,4
E02005582,4
E02005583,5
E02005584,3
E02005585,1
E02005586,4
E02005587,2
E02005588,2
E02005589,2
E02005592,9
E02005593,6
E02005594,5
E02005595,9
E02005596,2
E02005598,8
E02005599,9
E02005600,7
E02005601,7
E02005602,9
E02005603,9
E02005604,7
E02005605,9
E02005606,5
E02005607,7
E02005608,6
E02005609,7
E02005610,5
E02005611,6
E02005612,6
E02005613,4
E02005614,5
E02005615,4
E02005616,2
E02005617,1
E02005619,7
E02005620,10
E02005621,8
E02005622,10
E02005623,9
E02005624,8
E02005625,5
E02005626,3
E02005627,6
E02005628,8
E02005629,7
E02005630,9
E02005631,9
E02005632,8
E02005633,7
E02005634,6
E02005635,8
E02005636,5
E02005637,3
E02005638,10
E02005639,8
E02005640,7
E02005641,5
E02005642,8
E02005643,1
E02005644,3
E02005645,4
E02005646,9
E02005647,3
E02005648,9
E02005650,7
E02005651,8
E02005652,6
E02005653,2
E02005654,2
E02005655,5
E02005656,2
E02005657,6
E02005658,2
E02005659,5
E02005660,2
E02005661,2
E02005662,5
E02005663,9
E02005664,3
E02005665,6
E02005666,1
E02005667,4
E02005668,7
E02005669,10
E02005670,2
E02005671,6
E02005672,3
E02005673,4
E02005674,2
E02005675,2
E02005676,4
E02005677,6
E02005679,9
E02005680,10
E02005681,9
E02005682,10
E02005683,10
E02005684,9
E02005685,9
E02005686,9
E02005687,9
E02005688,10
E02005689,10
E02005690,9
E02005691,9
E02005692,6
E02005693,4
E02005694,9
E02005695,4
E02005696,2
E02005697,2
E02005698,4
E02005699,3
E02005700,9
E02005701,8
E02005702,9
E02005703,5
E02005704,6
E02005705,6
E02005706,4
E02005707,5
E02005708,5
E02005709,1
E02005710,2
E02005711,2
E02005712,3
E02005713,9
E02005715,2
E02005717,6
E02005718,7
E02005719,4
E02005720,3
E02005721,6
E02005722,7
E02005723,4
E02005724,10
E02005725,10
E02005726,10
E02005727,6
E02005728,5
E02005729,9
E02005730,7
E02005731,7
E02005733,7
E02005734,1
E02005735,1
E02005736,1
E02005739,4
E02005740,2
E02005741,6
E02005742,7
E02005744,7
E02005746,8
E02005747,4
E02005748,8
E02005749,9
E02005750,7
E02005751,10
E02005752,6
E02005754,10
E02005755,9
E02005756,8
E02005757,8
E02005758,7
E02005759,8
E02005760,9
E02005761,7
E02005762,10
E02005763,8
E02005764,7
E02005765,8
E02005766,8
E02005767,10
E02005768,10
E02005769,6
E02005770,9
E02005771,7
E02005772,10
E02005773,4
E02005774,7
E02005775,8
E02005776,8
E02005777,10
E02005778,7
E02005779,10
E02005780,10
E02005781,10
E02005782,8
E02005783,8
E02005784,9
E02005785,7
E02005786,7
E02005787,8
E02005788,7
E02005789,7
E02005790,6
E02005791,5
E02005794,7
E02005795,4
E02005796,4
E02005797,4
E02005798,6
E02005799,8
E02005800,1
E02005801,1
E02005802,3
E02005803,3
E02005804,2
E02005805,6
E02005806,2
E02005807,8
E02005808,4
E02005809,8
E02005810,9
E02005811,9
E02005812,9
E02005813,3
E02005814,7
E02005815,10
E02005816,8
E02005817,9
E02005818,7
E02005819,3
E02005820,5
E02005821,2
E02005822,2
E02005823,1
E02005824,6
E02005825,3
E02005826,1
E02005827,5
E02005828,5
E02005829,5
E02005830,6
E02005831,5
E02005832,3
E02005833,8
E02005834,2
E02005835,4
E02005836,8
E02005837,6
E02005838,3
E02005839,5
E02005840,7
E02005842,4
E02005843,5
E02005844,4
E02005846,1
E02005847,4
E02005848,5
E02005849,5
E02005850,6
E02005851,2
E02005852,9
E02005853,7
E02005856,10
E02005857,5
E02005858,7
E02005859,6
E02005860,7
E02005861,6
E02005862,6
E02005863,9
E02005864,10
E02005865,9
E02005866,7
E02005868,7
E02005869,3
E02005870,4
E02005871,9
E02005872,10
E02005873,10
E02005874,9
E02005875,7
E02005876,7
E02005877,6
E02005878,5
E02005879,4
E02005880,2
E02005881,2
E02005882,6
E02005883,2
E02005884,5
E02005885,2
E02005886,6
E02005887,2
E02005888,1
E02005889,3
E02005890,8
E02005891,1
E02005892,9
E02005893,3
E02005894,5
E02005895,7
E02005896,7
E02005897,7
E02005898,4
E02005899,3
E02005900,10
E02005901,5
E02005902,2
E02005903,6
E02005904,8
E02005905,8
E02005906,9
E02005907,10
E02005908,10
E02005909,10
E02005910,9
E02005911,10
E02005912,10
E02005913,10
E02005914,7
E02005915,9
E02005916,10
E02005917,10
E02005918,9
E02005919,9
E02005920,10
E02005921,7
E02005922,7
E02005923,3
E02005924,4
E02005925,2
E02005926,8
E02005927,9
E02005928,10
E02005929,8
E02005930,8
E02005931,8
E02005932,10
E02005933,8
E02005934,7
E02005935,9
E02005936,6
E02005937,8
E02005938,8
E02005939,9
E02005940,9
E02005941,8
E02005942,10
E02005943,10
E02005944,3
E02005945,10
E02005946,9
E02005947,6
E02005948,7
E02005949,5
E02005950,6
E02005951,6
E02005953,7
E02005954,6
E02005955,3
E02005956,2
E02005957,2
E02005958,10
E02005959,8
E02005960,10
E02005961,9
E02005962,10
E02005963,6
E02005964,10
E02005965,8
E02005966,10
E02005967,8
E02005968,10
E02005969,10
E02005970,6
E02005971,8
E02005972,10
E02005973,9
E02005974,10
E02005975,10
E02005976,10
E02005977,10
E02005978,10
E02005979,10
E02005980,10
E02005981,10
E02005982,10
E02005983,8
E02005984,9
E02005985,6
E02005986,9
E02005987,9
E02005988,9
E02005991,10
E02005992,9
E02005993,8
E02005994,8
E02005995,9
E02005996,10
E02005997,10
E02005998,10
E02005999,9
E02006000,9
E02006001,8
E02006002,8
E02006003,8
E02006004,8
E02006005,10
E02006006,10
E02006007,10
E02006008,7
E02006009,8
E02006010,6
E02006011,8
E02006012,6
E02006013,5
E02006014,5
E02006015,5
E02006016,5
E02006017,6
E02006018,5
E02006019,6
E02006020,5
E02006021,6
E02006022,7
E02006023,6
E02006024,5
E02006025,5
E02006026,6
E02006027,6
E02006028,6
E02006029,3
E02006030,5
E02006031,5
E02006032,4
E02006033,7
E02006034,8
E02006035,8
E02006036,7
E02006037,8
E02006038,8
E02006039,7
E02006040,6
E02006041,4
E02006042,7
E02006043,4
E02006044,5
E02006045,5
E02006046,6
E02006047,6
E02006048,7
E02006049,9
E02006050,4
E02006051,7
E02006052,7
E02006053,5
E02006054,6
E02006055,6
E02006056,7
E02006057,3
E02006058,8
E02006059,6
E02006060,5
E02006061,9
E02006062,7
E02006063,8
E02006064,4
E02006065,3
E02006066,5
E02006067,6
E02006068,1
E02006069,3
E02006070,5
E02006071,8
E02006072,6
E02006073,1
E02006074,6
E02006075,6
E02006076,8
E02006077,7
E02006078,6
E02006079,6
E02006080,7
E02006081,5
E02006082,7
E02006083,7
E02006084,6
E02006085,7
E02006086,7
E02006087,4
E02006088,3
E02006089,3
E02006090,6
E02006091,7
E02006092,9
E02006093,7
E02006094,5
E02006095,6
E02006096,6
E02006097,3
E02006098,6
E02006099,8
E02006100,7
E02006101,6
E02006102,2
E02006103,7
E02006104,6
E02006105,5
E02006106,7
E02006107,2
E02006108,5
E02006109,10
E02006110,4
E02006111,7
E02006112,8
E02006113,5
E02006114,5
E02006115,3
E02006116,4
E02006117,3
E02006118,9
E02006119,3
E02006120,5
E02006121,4
E02006122,5
E02006123,6
E02006124,2
E02006125,3
E02006126,7
E02006127,9
E02006128,6
E02006129,3
E02006130,5
E02006131,7
E02006132,6
E02006133,7
E02006134,9
E02006135,10
E02006136,7
E02006137,4
E02006138,2
E02006139,3
E02006140,5
E02006141,3
E02006142,10
E02006143,8
E02006144,2
E02006145,10
E02006146,7
E02006147,10
E02006148,10
E02006149,4
E02006150,9
E02006151,6
E02006152,9
E02006153,9
E02006154,9
E02006155,4
E02006156,10
E02006157,5
E02006158,8
E02006159,3
E02006160,4
E02006161,8
E02006162,6
E02006163,4
E02006164,2
E02006165,6
E02006166,8
E02006167,2
E02006168,3
E02006169,7
E02006170,8
E02006171,6
E02006172,10
E02006173,8
E02006174,8
E02006175,5
E02006176,7
E02006177,8
E02006178,5
E02006179,7
E02006180,5
E02006181,5
E02006182,10
E02006185,6
E02006186,9
E02006187,8
E02006188,8
E02006189,8
E02006190,6
E02006191,9
E02006192,8
E02006193,9
E02006194,5
E02006195,10
E02006196,4
E02006197,5
E02006198,10
E02006199,9
E02006200,3
E02006201,10
E02006202,8
E02006203,4
E02006204,3
E02006205,9
E02006206,4
E02006207,8
E02006208,4
E02006209,9
E02006210,6
E02006211,9
E02006212,9
E02006213,5
E02006214,5
E02006215,8
E02006216,9
E02006217,7
E02006218,3
E02006219,4
E02006220,5
E02006221,7
E02006222,3
E02006223,1
E02006224,7
E02006225,9
E02006226,6
E02006227,6
E02006228,7
E02006229,7
E02006230,8
E02006231,8
E02006232,7
E02006233,4
E02006234,5
E02006235,7
E02006236,9
E02006237,8
E02006238,5
E02006239,6
E02006240,5
E02006241,5
E02006242,8
E02006243,5
E02006245,2
E02006246,8
E02006247,3
E02006248,6
E02006249,7
E02006250,2
E02006251,3
E02006252,7
E02006253,9
E02006254,2
E02006255,5
E02006256,2
E02006257,3
E02006258,2
E02006259,2
E02006260,2
E02006261,6
E02006262,7
E02006263,7
E02006264,9
E02006265,6
E02006266,8
E02006267,7
E02006268,3
E02006269,8
E02006270,8
E02006271,8
E02006272,9
E02006273,7
E02006274,7
E02006275,4
E02006276,8
E02006277,10
E02006278,6
E02006279,7
E02006280,7
E02006281,8
E02006282,7
E02006283,7
E02006284,5
E02006285,6
E02006286,4
E02006287,5
E02006288,7
E02006289,5
E02006290,6
E02006291,9
E02006292,8
E02006293,7
E02006294,8
E02006295,9
E02006296,10
E02006297,10
E02006298,7
E02006299,10
E02006300,2
E02006301,5
E02006302,6
E02006303,1
E02006304,5
E02006305,1
E02006306,4
E02006307,9
E02006308,1
E02006309,2
E02006310,6
E02006311,4
E02006312,7
E02006313,5
E02006314,5
E02006315,6
E02006316,5
E02006317,9
E02006318,10
E02006319,7
E02006320,5
E02006321,10
E02006322,10
E02006323,9
E02006324,9
E02006325,10
E02006326,10
E02006327,10
E02006328,10
E02006329,9
E02006330,8
E02006331,10
E02006332,10
E02006333,8
E02006334,10
E02006335,10
E02006336,7
E02006337,10
E02006338,10
E02006339,7
E02006341,8
E02006342,9
E02006343,10
E02006344,8
E02006345,9
E02006346,10
E02006347,9
E02006348,9
E02006349,10
E02006350,4
E02006351,10
E02006352,10
E02006353,5
E02006354,10
E02006355,6
E02006356,8
E02006357,9
E02006358,10
E02006359,10
E02006360,9
E02006361,9
E02006362,10
E02006363,10
E02006364,7
E02006365,10
E02006366,10
E02006367,9
E02006368,9
E02006369,8
E02006370,9
E02006371,10
E02006372,6
E02006373,7
E02006374,7
E02006375,10
E02006376,9
E02006377,10
E02006378,8
E02006379,4
E02006380,10
E02006381,9
E02006382,5
E02006383,10
E02006384,7
E02006385,9
E02006386,10
E02006387,7
E02006388,7
E02006389,6
E02006390,7
E02006391,9
E02006392,6
E02006393,8
E02006394,8
E02006395,7
E02006396,7
E02006397,10
E02006398,6
E02006399,7
E02006400,8
E02006401,7
E02006402,9
E02006403,3
E02006404,4
E02006405,8
E02006406,7
E02006407,8
E02006408,7
E02006409,5
E02006410,4
E02006411,10
E02006412,10
E02006413,7
E02006414,7
E02006415,9
E02006416,10
E02006417,9
E02006418,10
E02006419,5
E02006420,10
E02006421,10
E02006422,10
E02006423,7
E02006424,10
E02006425,9
E02006426,10
E02006427,9
E02006429,10
E02006430,8
E02006431,9
E02006432,9
E02006433,10
E02006434,7
E02006435,5
E02006436,6
E02006437,8
E02006438,6
E02006439,10
E02006440,9
E02006441,9
E02006442,10
E02006443,8
E02006444,10
E02006445,10
E02006446,10
E02006447,10
E02006448,9
E02006449,10
E02006450,9
E02006451,10
E02006453,8
E02006454,10
E02006455,9
E02006456,8
E02006457,10
E02006458,10
E02006459,4
E02006460,7
E02006461,10
E02006462,9
E02006463,9
E02006464,8
E02006465,10
E02006466,6
E02006467,10
E02006468,8
E02006469,5
E02006470,4
E02006471,8
E02006472,5
E02006473,7
E02006474,4
E02006475,9
E02006476,1
E02006477,9
E02006478,6
E02006479,2
E02006480,3
E02006481,2
E02006482,6
E02006483,2
E02006484,4
E02006485,10
E02006486,5
E02006487,2
E02006488,7
E02006489,4
E02006490,5
E02006493,6
E02006494,3
E02006495,8
E02006496,5
E02006497,5
E02006498,7
E02006499,10
E02006500,7
E02006501,8
E02006502,7
E02006503,9
E02006504,8
E02006505,8
E02006506,7
E02006507,9
E02006508,9
E02006509,7
E02006510,7
E02006511,8
E02006512,7
E02006513,10
E02006514,9
E02006515,7
E02006516,7
E02006517,9
E02006518,8
E02006519,10
E02006520,10
E02006521,10
E02006522,7
E02006523,9
E02006524,4
E02006525,9
E02006526,7
E02006527,9
E02006528,6
E02006529,7
E02006530,9
E02006531,4
E02006532,9
E02006533,9
E02006534,6
E02006535,10
E02006536,7
E02006537,3
E02006538,8
E02006539,5
E02006540,4
E02006541,5
E02006542,6
E02006543,6
E02006544,8
E02006545,3
E02006546,6
E02006547,5
E02006548,7
E02006549,9
E02006550,6
E02006551,8
E02006552,2
E02006553,6
E02006554,7
E02006555,3
E02006556,8
E02006557,3
E02006558,3
E02006559,9
E02006560,6
E02006561,9
E02006562,8
E02006563,7
E02006564,8
E02006565,6
E02006566,8
E02006567,7
E02006568,5
E02006569,9
E02006570,6
E02006571,9
E02006572,6
E02006573,7
E02006574,6
E02006575,4
E02006576,8
E02006577,4
E02006578,5
E02006579,7
E02006580,6
E02006581,4
E02006582,10
E02006583,7
E02006584,4
E02006585,5
E02006586,4
E02006587,3
E02006588,6
E02006589,10
E02006590,9
E02006591,9
E02006592,7
E02006593,7
E02006594,10
E02006595,9
E02006596,10
E02006597,8
E02006598,8
E02006599,10
E02006600,7
E02006601,8
E02006602,8
E02006603,10
E02006604,8
E02006605,10
E02006606,10
E02006607,10
E02006608,10
E02006609,9
E02006610,8
E02006611,10
E02006612,10
E02006613,8
E02006614,10
E02006615,10
E02006616,9
E02006617,7
E02006618,10
E02006619,8
E02006620,10
E02006621,10
E02006622,7
E02006623,4
E02006624,10
E02006625,8
E02006626,3
E02006627,7
E02006628,5
E02006629,4
E02006630,4
E02006631,3
E02006632,9
E02006633,9
E02006634,9
E02006635,8
E02006636,7
E02006637,7
E02006638,5
E02006639,6
E02006640,8
E02006641,8
E02006642,7
E02006644,9
E02006645,9
E02006646,8
E02006647,8
E02006648,9
E02006649,6
E02006650,9
E02006651,8
E02006652,9
E02006653,8
E02006654,5
E02006655,7
E02006656,10
E02006657,6
E02006658,8
E02006659,9
E02006660,8
E02006661,9
E02006662,8
E02006663,7
E02006664,8
E02006665,6
E02006666,8
E02006667,3
E02006668,8
E02006669,6
E02006670,8
E02006671,6
E02006672,7
E02006673,7
E02006674,6
E02006675,9
E02006676,6
E02006677,9
E02006678,5
E02006679,9
E02006680,5
E02006681,9
E02006682,9
E02006683,8
E02006684,4
E02006685,8
E02006686,4
E02006687,4
E02006688,6
E02006689,7
E02006690,7
E02006692,7
E02006693,7
E02006694,7
E02006695,6
E02006696,10
E02006697,8
E02006698,7
E02006699,9
E02006700,8
E02006701,10
E02006702,6
E02006703,10
E02006704,8
E02006705,6
E02006706,6
E02006707,10
E02006708,5
E02006709,8
E02006710,5
E02006711,7
E02006712,8
E02006713,6
E02006714,6
E02006715,8
E02006716,2
E02006717,8
E02006718,7
E02006719,9
E02006720,5
E02006721,8
E02006722,2
E02006723,3
E02006724,2
E02006725,3
E02006726,4
E02006727,7
E02006728,9
E02006729,4
E02006730,2
E02006731,4
E02006732,8
E02006733,8
E02006734,9
E02006735,1
E02006736,8
E02006737,6
E02006738,1
E02006739,8
E02006740,4
E02006741,9
E02006742,4
E02006743,4
E02006744,4
E02006745,8
E02006746,8
E02006747,10
E02006748,6
E02006749,3
E02006750,6
E02006751,5
E02006752,10
E02006753,7
E02006754,7
E02006755,8
E02006756,8
E02006757,7
E02006758,5
E02006759,6
E02006760,6
E02006761,3
E02006762,7
E02006763,7
E02006764,5
E02006765,7
E02006766,9
E02006767,6
E02006768,6
E02006769,8
E02006770,1
E02006771,4
E02006772,5
E02006773,4
E02006774,4
E02006775,1
E02006776,7
E02006777,6
E02006778,7
E02006779,5
E02006780,3
E02006781,8
E02006782,5
E02006783,2
E02006784,2
E02006785,6
E02006786,4
E02006787,9
E02006788,3
E02006789,7
E02006790,8
E02006791,6
E02006792,7
E02006793,2
E02006794,1
E02006795,8
E02006796,7
E02006798,2
E02006799,2
E02006800,5
E02006801,5
E02006802,2
E02006803,8
E02006804,5
E02006805,2
E02006806,4
E02006807,6
E02006808,7
E02006809,5
E02006810,3
E02006811,9
E02006812,3
E02006813,2
E02006814,7
E02006815,2
E02006816,10
E02006817,5
E02006818,8
E02006819,1
E02006820,8
E02006821,9
E02006822,5
E02006823,10
E02006824,10
E02006825,9
E02006826,7
E02006827,2
E02006828,7
E02006829,10
E02006830,2
E02006831,10
E02006832,8
E02006833,6
E02006834,1
E02006835,6
E02006836,10
E02006837,10
E02006838,10
E02006839,10
E02006840,5
E02006841,2
E02006842,3
E02006843,6
E02006844,3
E02006845,7
E02006846,5
E02006847,10
E02006848,9
E02006849,10
E02006850,4
E02006851,3
E02006852,9
E02006853,5
E02006854,7
E02006855,5
E02006856,6
E02006857,5
E02006858,5
E02006859,10
E02006861,5
E02006862,5
E02006863,7
E02006864,8
E02006865,8
E02006866,8
E02006867,9
E02006868,2
E02006869,3
E02006871,4
E02006872,7
E02006873,10
E02006874,9
E02006875,5
E02006876,2
E02006877,6
E02006878,5
E02006879,1
E02006880,3
E02006881,2
E02006882,8
E02006883,5
E02006884,2
E02006885,5
E02006886,9
E02006887,1
E02006888,1
E02006889,1
E02006890,2
E02006891,9
E02006892,5
E02006893,6
E02006894,2
E02006895,2
E02006896,2
E02006897,1
E02006898,2
E02006899,5
E02006900,1
E02006902,2
E02006903,4
E02006904,3
E02006905,2
E02006906,8
E02006907,4
E02006908,3
E02006909,8
E02006910,2
E02006912,3
E02006913,1
E02006914,4
E02006915,1
E02006916,2
E02006917,5
E02006918,2
E02006919,6
E02006920,5
E02006921,2
E02006922,6
E02006924,6
E02006925,8
E02006926,9
E02006927,4
E02006928,5
E02006930,5
E02006931,5
E02006932,4
E02006933,3
E02006934,5
E02006935,2
E02006936,2
E02006937,2
E02006938,2
E02006939,4
E02006940,4
E02006941,6
E02006942,6
E02006943,1
E02006944,1
E02006945,7
E02006946,7
E02006947,1
E02006948,1
E02006949,2
E02006950,2
E02006951,5
E02006952,5
E02006953,5
E02006954,5
E02006955,5
E02006956,5
E02006957,1
E02006958,1
E02006959,2
E02006960,2
E02006961,2
E02006962,2
E02006963,2
E02006964,6
E02006965,6
E02006966,10
E02006967,10
E02006968,6
E02006969,6
E02006970,3
E02006971,3
E02006972,3
E02006973,3
E02006974,1.5
E02006975,1
E02006976,1
E02006978,7
E02006979,7
E02006980,10
E02006981,10
E02006982,9
E02006983,1
E02006984,1
E02006985,1
E02006986,1
E02006987,3
E02006988,3
E02006989,1
E02006990,1
E02006991,4
E02006992,3
E02006993,3
E02006994,4
E02006995,3
E02006996,3
E02006997,3
E02006998,4
E02006999,4
E02007000,1
E02007001,1
E02007002,6
E02007003,2.5
E02007004,4
E02007005,4
E02007006,6
E02007007,6
E02007008,2
E02007009,2
E02007010,7
E02007011,7
E02007012,9
E02007013,9
E02007014,9
E02007015,7
E02007016,7
E02007017,6
E02007018,6
E02007019,4
E02007020,4
E02007021,6
E02007022,6.5
E02007023,6
E02007024,6
E02007025,7
E02007026,7
E02007027,7
E02007028,7
E02007029,7.5
E02007030,8
E02007031,8
E02007032,5
E02007033,5
E02007034,9
E02007035,9
E02007038,1.5
E02007039,1
E02007040,1
E02007041,9
E02007042,6
E02007043,6
E02007044,6
E02007045,6
E02007046,6
E02007047,6
E02007048,8
E02007049,8
E02007050,6
E02007051,6
E02007052,1
E02007053,1
E02007054,7
E02007055,7
E02007056,8
E02007057,8
E02007058,2.5
E02007059,3.5
E02007060,1
E02007061,1
E02007062,10
E02007063,10
E02007064,5
E02007065,5
E02007066,9
E02007067,9
E02007068,4
E02007069,4
E02007070,7
E02007071,7
E02007072,7
E02007073,7
E02007074,3
E02007075,3
E02007076,5
E02007077,5
E02007078,5
E02007079,3
E02007080,3
E02007081,4
E02007082,6.5
E02007083,3
E02007084,3
E02007085,9.5
E02007086,7
E02007087,7
E02007088,9
E02007089,9
E02007090,7
E02007091,8.5
E02007092,7
E02007093,8
E02007094,6
E02007095,6
E02007096,6
E02007097,5
E02007098,1
E02007099,3
E02007100,5
E02007101,1
E02007102,3
E02007103,1
E02007104,1
E02007105,5
E02007106,7.5
E02007107,6
E02007108,3
E02007109,3
E02007110,3
E02007111,3
E02007112,5
E02007113,5
E02007114,5
E02007115,3.5
E02007116,6
